listing_id,date
13913,2010-08-18
13913,2011-07-11
13913,2011-09-13
13913,2011-10-03
13913,2011-10-09
13913,2013-05-28
13913,2013-10-17
13913,2014-04-17
13913,2015-09-12
13913,2016-03-05
13913,2017-09-22
13913,2018-05-06
13913,2018-06-17
13913,2019-05-12
13913,2019-06-10
13913,2019-09-29
13913,2019-10-02
13913,2019-10-07
13913,2019-11-25
13913,2020-02-22
13913,2021-11-21
13913,2022-04-04
13913,2022-05-17
13913,2022-05-20
13913,2022-05-22
13913,2022-06-10
13913,2022-06-18
13913,2022-06-23
13913,2022-07-15
13913,2022-09-16
13913,2022-09-20
13913,2022-09-22
13913,2022-09-23
13913,2022-09-26
13913,2022-10-02
13913,2022-10-08
13913,2022-10-09
13913,2022-10-17
13913,2022-10-30
13913,2022-12-11
13913,2023-11-26
13913,2024-05-03
13913,2024-06-09
13913,2024-07-10
13913,2024-09-08
13913,2024-11-03
13913,2024-11-17
13913,2024-12-15
13913,2024-12-22
13913,2025-02-02
13913,2025-02-09
13913,2025-03-02
13913,2025-03-16
13913,2025-05-02
13913,2025-08-21
15400,2009-12-21
15400,2010-10-02
15400,2010-10-17
15400,2011-03-04
15400,2011-04-07
15400,2011-04-17
15400,2011-04-27
15400,2011-08-19
15400,2011-08-30
15400,2011-09-13
15400,2011-09-21
15400,2011-10-17
15400,2011-11-01
15400,2012-01-16
15400,2012-03-21
15400,2012-03-31
15400,2012-05-27
15400,2012-06-16
15400,2012-07-02
15400,2012-07-16
15400,2012-07-24
15400,2012-08-30
15400,2012-09-08
15400,2012-09-16
15400,2012-09-27
15400,2013-01-06
15400,2013-03-03
15400,2013-05-05
15400,2013-05-09
15400,2013-05-19
15400,2013-10-19
15400,2013-11-04
15400,2013-11-29
15400,2014-01-02
15400,2014-01-14
15400,2014-01-20
15400,2014-04-23
15400,2014-05-25
15400,2014-06-02
15400,2014-06-09
15400,2014-06-29
15400,2014-07-06
15400,2014-08-07
15400,2014-12-05
15400,2015-03-08
15400,2015-03-16
15400,2015-04-08
15400,2015-05-21
15400,2015-06-03
15400,2015-06-07
15400,2015-06-20
15400,2015-06-24
15400,2015-07-10
15400,2015-07-13
15400,2015-07-20
15400,2015-07-28
15400,2016-03-23
15400,2016-04-12
15400,2016-05-29
15400,2016-06-26
15400,2016-07-26
15400,2016-08-14
15400,2016-08-28
15400,2016-09-03
15400,2016-09-12
15400,2016-09-16
15400,2016-10-10
15400,2016-10-14
15400,2016-10-19
15400,2016-10-23
15400,2016-12-17
15400,2017-01-01
15400,2017-04-01
15400,2017-05-24
15400,2017-06-28
15400,2017-07-10
15400,2017-10-05
15400,2017-10-10
15400,2018-03-03
15400,2018-03-20
15400,2018-03-30
15400,2019-04-08
15400,2019-04-16
15400,2019-04-22
15400,2019-05-05
15400,2019-08-10
15400,2019-08-27
15400,2019-09-23
15400,2020-03-16
15400,2022-09-08
15400,2022-10-17
15400,2022-10-24
15400,2023-04-09
15400,2023-05-01
15400,2024-03-25
15400,2024-04-28
15400,2025-04-05
17402,2011-03-21
17402,2011-07-04
17402,2011-09-18
17402,2011-10-03
17402,2011-10-20
17402,2011-11-02
17402,2012-02-22
17402,2012-03-29
17402,2012-04-20
17402,2012-05-21
17402,2012-08-13
17402,2012-10-01
17402,2013-09-22
17402,2013-10-26
17402,2013-11-12
17402,2014-02-23
17402,2014-03-13
17402,2014-03-20
17402,2014-04-28
17402,2014-06-26
17402,2014-08-27
17402,2015-01-23
17402,2015-01-27
17402,2015-02-23
17402,2015-04-12
17402,2018-06-14
17402,2018-06-20
17402,2018-07-05
17402,2018-07-08
17402,2018-07-28
17402,2018-08-01
17402,2018-08-09
17402,2018-08-14
17402,2018-08-23
17402,2018-08-28
17402,2018-09-11
17402,2018-09-18
17402,2018-10-09
17402,2018-10-15
17402,2019-04-20
17402,2019-06-19
17402,2019-11-02
17402,2021-06-28
17402,2021-12-11
17402,2022-01-17
17402,2022-03-08
17402,2022-04-08
17402,2022-04-28
17402,2022-06-06
17402,2022-06-20
17402,2022-09-06
17402,2022-11-01
17402,2022-11-06
17402,2022-11-19
17402,2023-11-29
17402,2024-02-19
24328,2010-11-15
24328,2011-01-04
24328,2011-04-10
24328,2011-11-01
24328,2011-12-01
24328,2012-01-06
24328,2012-01-29
24328,2012-04-14
24328,2012-04-22
24328,2012-05-02
24328,2012-05-09
24328,2012-06-26
24328,2012-07-16
24328,2012-07-31
24328,2012-08-08
24328,2012-09-23
24328,2012-10-20
24328,2013-06-29
24328,2013-07-05
24328,2013-10-14
24328,2013-10-21
24328,2013-10-27
24328,2013-10-28
24328,2013-11-13
24328,2013-12-29
24328,2014-01-02
24328,2014-03-17
24328,2014-04-18
24328,2014-04-22
24328,2014-05-05
24328,2014-05-19
24328,2014-05-30
24328,2014-06-06
24328,2014-06-09
24328,2014-09-03
24328,2014-09-08
24328,2014-09-17
24328,2014-09-21
24328,2014-10-08
24328,2014-10-12
24328,2014-10-22
24328,2014-10-26
24328,2014-11-09
24328,2014-11-28
24328,2014-12-07
24328,2014-12-12
24328,2015-01-03
24328,2015-02-28
24328,2015-03-15
24328,2015-04-06
24328,2015-04-18
24328,2015-04-30
24328,2015-05-08
24328,2015-05-17
24328,2015-05-22
24328,2015-05-29
24328,2015-06-10
24328,2015-06-16
24328,2015-06-20
24328,2015-06-27
24328,2015-07-05
24328,2015-07-08
24328,2015-07-12
24328,2015-07-27
24328,2015-07-31
24328,2015-08-05
24328,2015-08-28
24328,2015-09-03
24328,2015-09-06
24328,2015-09-14
24328,2015-09-21
24328,2015-09-23
24328,2015-09-26
24328,2015-10-01
24328,2015-10-11
24328,2015-10-14
24328,2015-10-24
24328,2015-11-09
24328,2016-01-03
24328,2016-02-06
24328,2016-03-31
24328,2016-04-17
24328,2016-05-28
24328,2016-07-17
24328,2016-07-23
24328,2016-08-01
24328,2016-08-06
24328,2016-08-14
24328,2016-08-29
24328,2016-09-07
24328,2019-06-08
24328,2022-04-16
24328,2022-07-04
24328,2022-07-19
24328,2025-07-05
36274,2011-03-20
36274,2011-05-12
36274,2011-06-26
36274,2011-07-05
36274,2011-07-14
36274,2011-08-18
36274,2011-09-19
36274,2013-06-28
36274,2024-09-13
36274,2024-09-19
36274,2024-10-17
36274,2024-10-24
36274,2024-10-27
36274,2025-08-28
36274,2025-09-06
36299,2010-10-25
36299,2011-04-05
36299,2011-04-19
36299,2011-07-03
36299,2011-07-08
36299,2011-08-28
36299,2012-01-03
36299,2012-05-06
36299,2012-05-27
36299,2012-06-02
36299,2012-06-06
36299,2012-06-27
36299,2012-08-11
36299,2012-08-20
36299,2012-08-26
36299,2012-10-14
36299,2012-11-03
36299,2013-07-07
36299,2013-07-20
36299,2013-08-26
36299,2013-11-04
36299,2014-01-02
36299,2014-05-06
36299,2014-06-18
36299,2014-07-26
36299,2014-09-18
36299,2014-10-31
36299,2014-12-14
36299,2014-12-26
36299,2015-01-03
36299,2015-02-22
36299,2015-04-15
36299,2015-05-14
36299,2015-05-24
36299,2015-07-26
36299,2015-10-29
36299,2016-05-07
36299,2016-05-30
36299,2016-06-19
36299,2016-07-04
36299,2016-07-13
36299,2016-07-30
36299,2016-12-16
36299,2016-12-28
36299,2017-06-17
36299,2017-07-06
36299,2017-07-19
36299,2017-08-09
36299,2017-08-14
36299,2017-09-19
36299,2017-10-02
36299,2018-04-02
36299,2018-07-15
36299,2018-07-28
36299,2018-08-11
36299,2018-08-19
36299,2018-09-17
36299,2018-09-26
36299,2018-10-15
36299,2018-11-04
36299,2018-12-03
36299,2018-12-30
47687,2010-10-13
47687,2010-10-15
47687,2010-11-01
47687,2010-11-22
47687,2010-11-30
47687,2010-12-07
47687,2010-12-12
47687,2011-01-15
47687,2011-01-22
47687,2011-01-25
47687,2011-01-29
47687,2011-02-02
47687,2011-02-14
47687,2011-02-16
47687,2011-02-21
47687,2011-03-21
47687,2011-04-06
47687,2011-04-20
47687,2011-05-11
47687,2011-05-18
47687,2011-05-30
47687,2011-06-06
47687,2011-06-13
47687,2011-07-08
47687,2011-07-13
47687,2011-07-18
47687,2011-08-15
47687,2011-09-16
47687,2012-11-07
47687,2013-04-08
47687,2013-11-27
47687,2014-03-19
47687,2014-05-22
47687,2014-06-18
47687,2014-06-28
47687,2014-07-05
47687,2014-07-13
47687,2014-08-01
47687,2014-09-03
47687,2014-09-25
47687,2014-10-02
47687,2014-10-17
47687,2014-12-14
47687,2015-03-17
47687,2015-04-23
47687,2015-05-15
47687,2015-06-16
47687,2015-07-23
47687,2015-08-30
47687,2015-09-17
47687,2015-10-04
47687,2015-10-16
47687,2015-11-01
47687,2016-05-15
47687,2016-05-28
47687,2016-06-02
47687,2016-06-05
47687,2016-06-23
47687,2016-07-06
47687,2016-07-23
47687,2016-07-25
47687,2016-09-10
47687,2016-09-19
47687,2016-10-01
47687,2016-10-10
47687,2020-05-31
47687,2021-06-18
47687,2021-12-13
47687,2022-04-02
47687,2022-04-05
47687,2022-04-08
47687,2022-04-13
47687,2022-04-18
47687,2022-06-16
47687,2022-06-19
47687,2022-06-22
47687,2022-07-03
47687,2022-07-06
47687,2022-07-11
47687,2022-07-16
47687,2022-07-19
47687,2022-08-16
47687,2022-08-18
47687,2022-08-22
47687,2022-08-27
47687,2022-09-06
47687,2022-09-12
47687,2022-10-08
47687,2022-10-21
47687,2022-10-22
47687,2022-10-27
47687,2022-10-28
47687,2022-11-02
47687,2022-12-14
47687,2022-12-19
47687,2022-12-26
47687,2022-12-28
47687,2022-12-31
47687,2023-01-07
47687,2023-03-30
47687,2023-04-02
47687,2023-04-04
47687,2023-04-09
47687,2023-04-11
47687,2023-04-15
47687,2023-04-16
47687,2023-04-23
47687,2023-05-06
47687,2023-05-09
47687,2023-05-12
47687,2023-05-15
47687,2023-05-22
47687,2023-05-25
47687,2023-05-28
47687,2023-05-31
47687,2023-06-14
47687,2023-06-30
47687,2023-07-14
47687,2023-07-23
47687,2023-07-28
47687,2023-08-18
47687,2023-09-18
47687,2023-09-26
47687,2023-10-04
47687,2023-10-08
47687,2023-10-12
47687,2023-10-14
47687,2023-10-16
47687,2023-10-30
47687,2023-11-17
47687,2023-11-20
47687,2023-11-23
47687,2023-11-25
47687,2023-11-29
47687,2023-12-08
47687,2023-12-10
47687,2023-12-17
47687,2023-12-23
47687,2023-12-30
47687,2024-01-05
47687,2024-02-03
47687,2024-02-11
47687,2024-03-03
47687,2024-03-07
47687,2024-03-10
47687,2024-03-20
47687,2024-03-25
47687,2024-03-27
47687,2024-03-31
47687,2024-04-03
47687,2024-04-05
47687,2024-04-15
47687,2024-04-16
47687,2024-04-20
47687,2024-04-22
47687,2024-04-28
47687,2024-05-02
47687,2024-05-09
47687,2024-05-14
47687,2024-05-19
47687,2024-05-24
47687,2024-05-28
47687,2024-06-02
47687,2024-06-05
47687,2024-06-19
47687,2024-06-20
47687,2024-06-30
47687,2024-07-30
47687,2024-07-31
47687,2024-08-20
47687,2024-09-01
47687,2024-09-02
47687,2024-09-09
47687,2024-09-10
47687,2024-09-18
47687,2024-09-23
47687,2024-10-03
47687,2024-10-08
47687,2024-10-24
47687,2024-10-28
47687,2024-10-29
47687,2024-11-12
47687,2024-11-14
47687,2024-11-17
47687,2024-11-20
47687,2024-11-25
47687,2024-12-05
47687,2024-12-11
47687,2025-01-02
47687,2025-01-06
47687,2025-01-12
47687,2025-02-05
47687,2025-02-10
47687,2025-02-15
47687,2025-02-19
47687,2025-03-03
47687,2025-03-09
47687,2025-03-16
47687,2025-03-23
47687,2025-03-28
47687,2025-03-31
47687,2025-04-01
47687,2025-04-03
47687,2025-04-04
47687,2025-04-18
47687,2025-04-22
47687,2025-04-30
47687,2025-05-04
47687,2025-05-08
47687,2025-05-14
47687,2025-06-13
47687,2025-06-18
47687,2025-06-22
47687,2025-07-13
47687,2025-07-15
47687,2025-08-03
47687,2025-08-15
47687,2025-08-16
47687,2025-08-19
47687,2025-08-29
47687,2025-09-01
49970,2010-12-29
49970,2011-03-05
49970,2011-03-09
49970,2011-03-18
49970,2011-03-21
49970,2011-03-25
49970,2011-04-04
49970,2011-04-07
49970,2011-04-12
49970,2011-04-18
49970,2011-05-01
49970,2011-05-02
49970,2011-05-22
49970,2011-06-18
49970,2011-07-04
49970,2011-09-08
49970,2012-03-30
49970,2012-11-01
49970,2012-11-03
49970,2013-05-07
49970,2013-07-09
49970,2013-07-12
49970,2013-09-23
49970,2014-05-25
49970,2014-06-25
49970,2014-07-28
49970,2014-08-21
49970,2014-09-04
49970,2014-09-10
49970,2014-09-14
49970,2014-10-02
49970,2014-11-15
49970,2014-12-01
49970,2014-12-30
49970,2015-02-04
49970,2015-03-12
49970,2015-06-13
49970,2015-06-30
49970,2015-08-28
49970,2015-09-19
49970,2015-11-11
49970,2015-12-29
49970,2016-03-06
49970,2016-03-31
49970,2016-07-09
49970,2016-07-18
49970,2016-08-20
49970,2016-11-06
49970,2016-11-22
49970,2016-12-22
49970,2017-01-01
49970,2017-04-07
49970,2017-04-29
49970,2017-05-31
49970,2017-06-03
49970,2017-06-23
49970,2017-06-28
49970,2017-07-01
49970,2017-07-10
49970,2017-07-17
49970,2017-08-31
49970,2017-09-10
49970,2017-09-25
49970,2017-12-26
49970,2018-02-28
49970,2018-05-30
49970,2018-12-19
49970,2018-12-21
49970,2018-12-24
49970,2018-12-26
49970,2018-12-31
49970,2019-01-02
49970,2019-01-10
49970,2019-01-18
49970,2019-01-20
49970,2019-01-24
49970,2019-02-02
49970,2019-02-05
49970,2019-02-08
49970,2019-02-15
49970,2019-09-13
49970,2019-09-22
49970,2019-10-02
49970,2019-10-06
49970,2020-04-15
49970,2020-04-30
49970,2021-04-30
49970,2021-05-31
49970,2021-06-24
49970,2021-07-22
49970,2021-09-21
49970,2021-11-01
49970,2021-11-03
49970,2022-01-01
49970,2022-01-04
49970,2022-01-07
49970,2022-01-23
49970,2022-01-31
49970,2022-03-12
49970,2022-03-15
49970,2022-03-17
49970,2022-03-20
49970,2022-03-24
49970,2022-04-17
49970,2022-05-07
49970,2022-05-15
49970,2022-06-02
49970,2022-07-03
49970,2022-07-24
49970,2022-08-07
49970,2022-08-29
49970,2022-08-30
49970,2022-10-01
49970,2022-10-06
49970,2022-10-09
49970,2022-10-11
49970,2022-10-13
49970,2022-10-17
49970,2022-10-26
49970,2022-11-12
49970,2022-11-22
49970,2022-12-01
49970,2022-12-02
49970,2022-12-10
49970,2022-12-13
49970,2022-12-14
49970,2022-12-19
49970,2022-12-26
49970,2023-01-18
49970,2023-01-27
49970,2023-01-30
49970,2023-02-24
49970,2023-03-03
49970,2023-03-10
49970,2023-03-11
49970,2023-04-25
49970,2023-04-27
49970,2023-04-28
49970,2023-04-29
49970,2023-06-03
49970,2023-06-05
49970,2023-06-12
49970,2023-06-20
49970,2023-06-28
49970,2023-06-29
49970,2023-07-08
49970,2023-07-16
49970,2023-07-19
49970,2023-08-06
49970,2023-08-09
49970,2023-08-16
49970,2023-09-30
49970,2023-10-09
49970,2023-10-12
49970,2023-10-14
49970,2023-10-21
49970,2023-10-30
49970,2023-10-31
49970,2023-11-07
49970,2023-11-09
49970,2023-11-15
49970,2023-11-16
49970,2023-11-22
49970,2023-11-23
49970,2023-11-24
49970,2023-12-21
49970,2023-12-29
49970,2023-12-30
49970,2024-01-02
49970,2024-01-15
49970,2024-01-18
49970,2024-01-25
49970,2024-01-29
49970,2024-02-02
49970,2024-02-06
49970,2024-02-12
49970,2024-02-18
49970,2024-02-19
49970,2024-02-23
49970,2024-02-25
49970,2024-02-29
49970,2024-03-03
49970,2024-03-17
49970,2024-03-21
49970,2024-03-30
49970,2024-03-31
49970,2024-04-04
49970,2024-04-11
49970,2024-04-13
36299,2019-01-23
36299,2019-03-03
36299,2019-03-29
36299,2019-06-10
36299,2019-06-19
36299,2019-06-23
36299,2019-07-01
36299,2019-07-17
36299,2019-07-21
36299,2019-08-06
36299,2019-09-01
36299,2019-10-03
36299,2019-10-26
36299,2019-10-30
36299,2020-08-23
36299,2020-08-31
36299,2021-07-18
36299,2021-08-29
36299,2021-09-09
36299,2021-09-30
36299,2021-10-11
36299,2021-10-25
36299,2021-11-14
36299,2021-11-28
36299,2022-02-23
36299,2022-03-07
36299,2022-04-03
36299,2022-05-08
36299,2022-05-30
36299,2022-06-10
36299,2022-08-02
36299,2022-08-20
36299,2022-09-02
36299,2022-09-28
36299,2022-10-11
36299,2022-11-17
36299,2023-03-19
36299,2023-04-15
36299,2023-05-01
36299,2023-06-11
36299,2023-07-01
36299,2023-08-06
36299,2023-08-27
36299,2023-09-24
36299,2024-05-03
36299,2024-05-28
36299,2024-07-11
36299,2024-08-20
36299,2024-09-15
36299,2024-10-20
36299,2024-11-25
36299,2025-01-03
36299,2025-06-20
36299,2025-07-20
36660,2010-09-14
36660,2010-09-22
36660,2010-09-27
36660,2010-10-05
36660,2010-10-11
36660,2010-10-13
36660,2010-10-17
36660,2010-10-22
36660,2010-10-24
36660,2010-10-30
36660,2010-10-31
36660,2010-11-01
36660,2010-11-04
36660,2010-11-07
36660,2010-11-08
36660,2010-11-10
36660,2010-11-12
36660,2010-11-17
36660,2010-11-20
36660,2010-11-26
36660,2010-11-29
36660,2010-12-05
36660,2010-12-13
36660,2010-12-19
36660,2010-12-28
36660,2010-12-31
36660,2011-01-02
36660,2011-01-05
36660,2011-01-10
36660,2011-01-10
36660,2011-01-14
36660,2011-01-20
36660,2011-01-25
36660,2011-02-02
36660,2011-02-06
36660,2011-02-07
36660,2011-02-12
36660,2011-02-13
36660,2011-02-14
36660,2011-03-08
36660,2011-03-15
36660,2011-03-17
36660,2011-03-21
36660,2011-03-25
36660,2011-04-01
36660,2011-04-02
36660,2011-04-06
36660,2011-04-11
36660,2011-04-12
36660,2011-04-13
36660,2011-04-15
207542,2011-10-02
207542,2011-10-22
207542,2011-11-01
207542,2011-11-03
207542,2011-11-15
207542,2011-11-19
207542,2011-12-04
207542,2012-01-06
207542,2012-01-23
207542,2012-03-07
207542,2012-03-15
207542,2012-05-04
207542,2012-05-12
207542,2012-05-30
207542,2012-06-06
207542,2012-09-27
207542,2012-10-11
207542,2012-10-25
207542,2012-11-03
207542,2012-11-09
207542,2012-11-17
207542,2012-11-23
207542,2012-12-13
207542,2013-02-10
207542,2013-04-30
207542,2013-05-06
207542,2013-06-01
207542,2013-06-28
207542,2022-12-04
207542,2022-12-11
207542,2023-02-04
207542,2023-02-10
207542,2023-02-12
207542,2023-02-15
207542,2023-02-25
207542,2023-03-09
207542,2023-03-15
207542,2023-03-18
207542,2023-03-31
207542,2023-04-23
207542,2023-05-02
207542,2023-05-13
207542,2023-05-19
207542,2023-05-27
207542,2023-06-06
207542,2023-06-24
207542,2023-06-26
207542,2023-06-29
207542,2023-07-02
207542,2023-07-15
207542,2023-09-12
207542,2023-09-25
207542,2023-10-03
207542,2023-10-17
207542,2023-11-08
207542,2023-12-04
207542,2023-12-07
207542,2024-02-27
207542,2024-03-29
207542,2024-04-23
207542,2024-05-07
207542,2024-05-12
207542,2024-05-18
207542,2024-05-23
207542,2024-06-02
207542,2024-06-13
207542,2024-06-24
207542,2024-07-05
207542,2024-07-08
207542,2024-07-13
207542,2024-07-15
207542,2024-07-21
207542,2024-09-11
207542,2024-09-18
207542,2024-10-06
207542,2024-10-11
207542,2024-10-19
207542,2024-10-27
207542,2024-11-06
207542,2024-11-17
207542,2024-11-30
207542,2024-12-09
207542,2024-12-16
207542,2025-01-27
207542,2025-02-01
207542,2025-02-15
207542,2025-02-23
207542,2025-04-28
207542,2025-05-06
207542,2025-05-12
207542,2025-05-25
207542,2025-06-05
207542,2025-06-09
207542,2025-06-16
207542,2025-06-23
207542,2025-06-28
207542,2025-07-13
207542,2025-07-20
207542,2025-08-03
207542,2025-09-12
210010,2011-09-23
210010,2012-07-24
210010,2012-11-26
210010,2012-12-11
210010,2013-05-30
210010,2013-07-14
210010,2018-07-29
210010,2018-08-10
210010,2018-08-20
210010,2019-09-23
210010,2019-10-07
210010,2019-10-27
214321,2011-10-03
214321,2011-12-31
214321,2012-01-09
214321,2012-04-13
214321,2012-05-18
214321,2012-08-25
214321,2024-05-26
214321,2024-07-13
214321,2024-07-15
214321,2024-07-22
214321,2024-07-28
214321,2024-09-03
214321,2024-10-03
214321,2024-10-07
214321,2024-10-12
214321,2024-11-03
214321,2024-11-16
214321,2024-11-20
214321,2024-12-08
214321,2025-01-02
214321,2025-08-17
214321,2025-08-24
214755,2019-03-30
214755,2019-04-24
214755,2019-05-22
214755,2019-05-29
214755,2019-06-10
214755,2019-06-22
214755,2019-07-08
214755,2019-07-15
214755,2019-08-04
214755,2019-09-15
214755,2019-10-07
214755,2019-10-22
214755,2019-12-01
214755,2019-12-23
214755,2020-01-04
214755,2020-02-17
214755,2021-04-10
214755,2021-05-23
214755,2021-06-06
214755,2021-06-26
214755,2021-09-02
214755,2021-10-10
214755,2021-11-19
214755,2021-12-22
214755,2022-01-03
214755,2022-04-09
214755,2022-04-17
214755,2022-05-25
214755,2022-06-28
214755,2022-07-05
214755,2022-07-30
214755,2023-04-10
214755,2023-08-07
214755,2023-10-13
214755,2024-01-02
214755,2024-06-19
214755,2025-01-04
216350,2011-10-07
216350,2011-10-18
216350,2011-10-20
216350,2011-11-05
216350,2011-12-03
216350,2011-12-09
216350,2012-01-17
216350,2012-04-23
216350,2012-04-25
216350,2012-04-30
216350,2012-05-29
216350,2012-06-29
216350,2012-08-13
216350,2012-10-29
216350,2012-12-03
216350,2013-01-04
216350,2013-05-09
216350,2013-06-26
216350,2013-07-01
216350,2013-07-12
216350,2013-09-10
216350,2013-09-13
216350,2013-09-13
216350,2013-09-14
216350,2013-09-24
216350,2013-09-26
216350,2013-09-30
216350,2013-10-05
216350,2013-10-14
216350,2013-10-17
216350,2013-10-19
216350,2013-11-10
216350,2013-12-10
216350,2014-02-07
216350,2014-02-24
216350,2014-05-04
216350,2014-05-16
216350,2014-05-20
216350,2014-07-11
216350,2014-07-15
216350,2014-09-04
216350,2014-09-07
216350,2014-09-08
216350,2014-09-13
216350,2014-09-15
216350,2014-09-22
216350,2014-09-29
216350,2014-10-02
216350,2014-10-03
216350,2015-01-29
216350,2015-02-10
216350,2015-03-02
216350,2015-03-18
216350,2015-04-03
216350,2015-04-13
216350,2015-04-17
216350,2015-04-20
216350,2015-05-15
216350,2015-05-27
216350,2015-06-01
216350,2015-06-13
216350,2015-06-16
216350,2015-06-26
216350,2015-07-02
216350,2015-07-05
216350,2015-07-08
216350,2015-07-15
216350,2015-09-13
216350,2015-09-20
216350,2015-09-27
216350,2015-10-03
216350,2015-10-04
216350,2015-12-12
216350,2016-01-15
216350,2016-04-30
216350,2016-06-26
216350,2016-07-05
216350,2016-07-15
216350,2016-07-18
216350,2016-07-28
216350,2016-08-15
216350,2016-09-18
216350,2016-09-24
216350,2016-09-28
216350,2016-10-13
216350,2016-10-22
216350,2016-12-04
216350,2016-12-26
216350,2017-01-01
216350,2017-03-14
216350,2017-03-19
216350,2017-03-26
216350,2017-04-09
216350,2017-04-17
216350,2017-05-01
216350,2017-05-05
216350,2017-05-20
216350,2017-06-04
216350,2017-06-07
216350,2017-06-23
216350,2017-07-02
216350,2017-07-13
216350,2017-07-16
216350,2017-07-19
216350,2017-07-21
216350,2017-08-10
216350,2017-08-15
216350,2017-08-25
216350,2017-09-08
216350,2017-09-12
216350,2017-09-26
216350,2017-11-26
216350,2017-12-10
216350,2017-12-15
216350,2018-01-19
216350,2018-03-23
216350,2018-04-05
216350,2018-04-20
216350,2018-04-22
216350,2018-04-27
216350,2018-04-30
216350,2018-05-06
216350,2018-05-17
216350,2018-05-20
216350,2018-05-25
216350,2018-05-26
216350,2018-05-27
216350,2018-06-01
216350,2018-06-03
216350,2018-06-16
216350,2018-06-30
216350,2018-07-03
216350,2018-07-12
216350,2018-07-15
216350,2018-08-03
216350,2018-08-08
216350,2018-08-18
216350,2018-08-25
216350,2018-09-08
216350,2018-09-09
216350,2018-09-17
216350,2018-10-06
216350,2018-10-07
216350,2018-11-09
216350,2018-11-11
216350,2018-11-18
216350,2018-11-30
216350,2018-12-02
216350,2018-12-06
216350,2018-12-08
216350,2018-12-16
216350,2018-12-23
216350,2019-01-01
216350,2019-02-08
216350,2019-02-11
216350,2019-02-28
216350,2019-03-17
216350,2019-03-24
216350,2019-03-29
216350,2019-04-05
216350,2019-05-04
216350,2019-05-05
216350,2019-05-12
216350,2019-05-18
216350,2019-05-26
216350,2019-06-02
216350,2019-06-13
216350,2019-06-15
216350,2019-06-20
216350,2019-06-22
216350,2019-06-30
216350,2019-07-09
216350,2019-07-19
216350,2019-07-23
216350,2019-07-26
216350,2019-07-27
216350,2019-07-30
216350,2019-08-04
216350,2019-08-09
216350,2019-08-11
216350,2019-08-14
216350,2019-08-18
216350,2019-08-20
216350,2019-08-25
216350,2019-08-29
216350,2019-09-07
216350,2019-09-08
216350,2019-09-12
216350,2019-09-16
216350,2019-09-18
216350,2019-09-19
216350,2019-09-29
216350,2019-10-09
216350,2019-10-11
216350,2019-10-13
216350,2019-10-16
216350,2019-10-18
216350,2019-10-25
216350,2019-11-06
216350,2019-11-07
216350,2019-11-10
216350,2019-11-24
216350,2019-12-06
216350,2019-12-18
216350,2020-01-09
216350,2020-01-31
216350,2020-02-22
216350,2020-03-04
216350,2020-03-07
216350,2020-09-06
216350,2021-06-04
216350,2021-06-18
216350,2021-06-26
216350,2021-08-05
216350,2021-08-22
216350,2021-08-29
216350,2021-09-10
216350,2021-09-11
216350,2021-09-12
216350,2021-09-21
216350,2021-09-24
216350,2021-09-25
216350,2021-09-26
216350,2021-10-25
216350,2021-11-05
216350,2021-11-06
216350,2021-11-07
216350,2021-11-13
216350,2021-11-14
216350,2021-11-23
216350,2021-11-28
216350,2021-12-03
216350,2021-12-12
216350,2022-01-30
216350,2022-02-28
216350,2022-03-07
216350,2022-03-11
216350,2022-03-31
216350,2022-04-11
36660,2011-04-22
36660,2011-04-26
36660,2011-05-02
36660,2011-05-03
36660,2011-05-09
36660,2011-05-13
36660,2011-05-16
36660,2011-05-20
36660,2011-05-21
36660,2011-05-31
36660,2011-06-04
36660,2011-06-05
36660,2011-06-10
36660,2011-06-20
36660,2011-06-21
36660,2011-06-23
36660,2011-06-28
36660,2011-07-07
36660,2011-07-12
36660,2011-07-19
36660,2011-07-20
36660,2011-08-05
36660,2011-08-06
36660,2011-08-15
36660,2011-08-22
36660,2011-09-02
36660,2011-09-22
36660,2011-10-02
36660,2011-10-07
36660,2011-10-13
36660,2011-10-17
36660,2011-10-21
36660,2011-11-03
36660,2011-11-08
36660,2011-11-13
36660,2011-11-28
36660,2011-12-06
36660,2011-12-10
36660,2011-12-12
36660,2011-12-14
36660,2011-12-17
36660,2012-01-06
36660,2012-01-09
36660,2012-01-15
36660,2012-02-07
36660,2012-02-26
36660,2012-03-03
36660,2012-03-05
36660,2012-03-08
36660,2012-03-11
36660,2012-03-13
36660,2012-03-14
36660,2012-03-20
36660,2012-03-26
36660,2012-04-02
36660,2012-04-11
36660,2012-04-12
36660,2012-04-27
36660,2012-05-02
36660,2012-05-19
36660,2012-05-23
36660,2012-05-25
36660,2012-05-27
36660,2012-05-30
36660,2012-06-10
36660,2012-06-15
36660,2012-07-05
36660,2012-07-16
36660,2012-07-23
36660,2012-07-28
36660,2012-08-13
36660,2012-08-19
36660,2012-08-22
36660,2012-08-27
36660,2012-08-30
36660,2012-09-10
36660,2012-09-14
36660,2012-09-17
36660,2012-09-22
36660,2012-10-14
36660,2012-10-18
36660,2012-10-28
36660,2012-10-29
36660,2012-11-01
36660,2012-11-09
36660,2012-11-15
36660,2012-11-18
36660,2012-11-19
36660,2012-11-22
36660,2012-11-29
36660,2012-12-15
36660,2013-01-03
36660,2013-01-18
36660,2013-01-23
36660,2013-02-13
36660,2013-02-15
36660,2013-02-22
36660,2013-02-26
36660,2013-02-28
36660,2013-03-12
36660,2013-03-17
36660,2013-03-25
36660,2013-04-04
36660,2013-04-10
36660,2013-04-14
36660,2013-05-03
36660,2013-05-10
36660,2013-05-12
36660,2013-05-28
36660,2013-06-01
36660,2013-06-04
36660,2013-06-19
36660,2013-06-21
36660,2013-06-28
36660,2013-07-01
36660,2013-07-04
36660,2013-07-06
36660,2013-07-11
36660,2013-07-18
36660,2013-07-21
36660,2013-08-06
36660,2013-08-10
36660,2013-08-12
36660,2013-08-17
36660,2013-08-21
36660,2013-08-24
36660,2013-08-29
36660,2013-09-06
36660,2013-09-14
36660,2013-09-17
36660,2013-09-20
36660,2013-09-23
36660,2013-10-07
36660,2013-10-11
36660,2013-10-13
36660,2013-10-15
36660,2013-10-18
36660,2013-10-21
36660,2013-10-30
36660,2013-11-10
36660,2013-11-13
36660,2013-12-01
36660,2013-12-04
36660,2013-12-06
36660,2013-12-09
36660,2013-12-12
36660,2013-12-17
36660,2013-12-19
36660,2013-12-22
36660,2013-12-31
36660,2014-01-07
36660,2014-01-11
36660,2014-01-13
36660,2014-01-28
36660,2014-01-31
36660,2014-02-11
36660,2014-02-17
36660,2014-02-23
36660,2014-02-27
36660,2014-03-03
36660,2014-03-07
36660,2014-03-09
36660,2014-03-17
36660,2014-03-21
36660,2014-03-24
36660,2014-03-26
36660,2014-04-05
36660,2014-04-10
36660,2014-04-18
36660,2014-04-22
36660,2014-05-02
36660,2014-05-05
36660,2014-05-09
36660,2014-05-15
36660,2014-05-16
36660,2014-05-28
36660,2014-06-03
36660,2014-06-10
36660,2014-06-13
36660,2014-06-18
36660,2014-06-20
36660,2014-06-23
36660,2014-07-27
36660,2014-08-05
36660,2014-08-12
36660,2014-08-14
36660,2014-08-19
36660,2014-08-21
36660,2014-08-24
36660,2014-08-27
36660,2014-08-30
36660,2014-09-01
36660,2014-09-04
36660,2014-09-07
36660,2014-09-19
36660,2014-09-23
36660,2014-09-26
36660,2014-09-27
36660,2014-09-29
36660,2014-10-03
36660,2014-10-08
36660,2014-10-12
36660,2014-10-14
36660,2014-10-18
36660,2014-10-23
36660,2014-11-01
36660,2014-11-05
36660,2014-11-15
36660,2014-11-17
36660,2014-12-04
36660,2014-12-11
36660,2014-12-15
36660,2015-01-10
36660,2015-01-22
36660,2015-02-12
36660,2015-02-22
36660,2015-02-26
36660,2015-03-27
36660,2015-03-31
36660,2015-04-04
36660,2015-04-07
36660,2015-04-13
36660,2015-04-19
36660,2015-04-26
36660,2015-05-04
36660,2015-05-08
36660,2015-05-11
36660,2015-05-19
36660,2015-05-26
36660,2015-05-29
36660,2015-06-08
36660,2015-06-12
36660,2015-06-14
36660,2015-06-17
36660,2015-06-19
36660,2015-06-22
36660,2015-07-07
36660,2015-07-10
36660,2015-07-21
36660,2015-07-23
36660,2015-08-09
36660,2015-08-12
36660,2015-08-14
36660,2015-08-16
36660,2015-08-19
36660,2015-08-24
36660,2015-08-27
36660,2015-09-04
36660,2015-09-06
36660,2015-09-19
36660,2015-09-27
36660,2015-09-29
36660,2015-10-03
36660,2015-10-06
36660,2015-10-10
36660,2015-10-13
36660,2015-10-17
36660,2015-10-24
36660,2015-10-27
36660,2015-11-09
36660,2015-11-14
36660,2015-11-17
36660,2015-11-21
36660,2015-12-02
36660,2016-01-02
36660,2016-01-21
36660,2016-02-15
36660,2016-03-12
36660,2016-04-02
36660,2016-04-04
36660,2016-04-11
36660,2016-04-15
36660,2016-04-17
36660,2016-04-24
36660,2016-04-27
36660,2016-04-29
36660,2016-05-01
36660,2016-05-04
36660,2016-05-08
36660,2016-05-17
36660,2016-05-24
36660,2016-05-27
36660,2016-06-04
36660,2016-06-11
49970,2024-04-21
49970,2024-04-28
49970,2024-05-10
49970,2024-05-21
49970,2024-05-31
49970,2024-06-14
49970,2024-06-23
49970,2024-06-24
49970,2024-07-17
49970,2024-08-05
49970,2024-08-09
49970,2024-08-17
49970,2024-10-06
49970,2024-10-15
49970,2024-10-19
49970,2024-10-30
49970,2024-10-31
49970,2024-11-04
49970,2024-11-15
49970,2024-11-18
49970,2024-11-20
49970,2024-11-29
49970,2024-11-30
49970,2024-12-04
49970,2024-12-06
49970,2024-12-11
49970,2024-12-13
49970,2024-12-16
49970,2024-12-20
49970,2024-12-23
49970,2024-12-26
49970,2024-12-31
49970,2025-01-05
49970,2025-01-18
49970,2025-01-31
49970,2025-02-07
49970,2025-02-10
49970,2025-02-20
49970,2025-02-24
49970,2025-03-07
49970,2025-03-20
49970,2025-03-25
49970,2025-03-28
49970,2025-04-01
49970,2025-04-09
49970,2025-04-16
49970,2025-04-26
49970,2025-05-07
49970,2025-05-08
49970,2025-05-11
49970,2025-05-15
49970,2025-05-21
49970,2025-05-28
49970,2025-06-01
49970,2025-06-05
49970,2025-06-08
49970,2025-06-09
49970,2025-06-12
49970,2025-06-14
49970,2025-06-18
49970,2025-06-20
49970,2025-06-27
49970,2025-07-01
49970,2025-07-02
49970,2025-07-08
49970,2025-07-13
49970,2025-07-16
49970,2025-07-20
49970,2025-07-30
49970,2025-08-10
49970,2025-08-14
49970,2025-08-22
49970,2025-08-25
49970,2025-08-28
52624,2024-08-11
52624,2024-08-19
52624,2024-09-07
52624,2024-11-09
52624,2024-11-20
52624,2024-12-08
52624,2024-12-15
52624,2025-04-27
52624,2025-05-15
52624,2025-06-16
52624,2025-06-20
52624,2025-06-30
52624,2025-07-02
52624,2025-07-04
52624,2025-07-06
52624,2025-07-08
52624,2025-07-10
52624,2025-07-12
52624,2025-07-14
55402,2018-08-25
55402,2018-11-09
55402,2023-10-20
55402,2023-11-02
55402,2023-12-04
55402,2024-01-28
55402,2024-03-30
56229,2010-10-26
56229,2010-11-16
56229,2010-12-06
56229,2011-03-06
56229,2011-03-15
56229,2011-04-01
56229,2012-05-17
56229,2012-09-22
56229,2013-07-08
56229,2013-12-02
56229,2014-06-26
56229,2014-07-12
56229,2014-08-08
56229,2014-09-17
56229,2014-09-20
56229,2014-09-25
56229,2014-09-27
56229,2014-10-01
56229,2014-10-19
56229,2014-11-04
56229,2014-11-16
56229,2014-12-25
56229,2015-01-13
56229,2015-03-25
56229,2015-04-02
56229,2015-06-22
56229,2015-07-25
56229,2015-08-16
56229,2015-08-27
56229,2015-09-11
56229,2015-09-12
56229,2015-09-13
56229,2015-09-22
56229,2015-12-23
56229,2016-02-12
56229,2016-04-27
56229,2016-05-27
56229,2016-07-25
56229,2020-08-19
56229,2020-12-20
56229,2020-12-28
56229,2021-03-15
56229,2021-04-25
56229,2021-06-04
56229,2021-06-12
56229,2022-01-31
56229,2022-02-02
56229,2022-02-17
56229,2022-02-25
56229,2022-02-26
56229,2022-04-01
56229,2022-04-13
56229,2022-05-10
56229,2022-06-21
56229,2022-06-25
56229,2022-07-19
56229,2022-07-26
56229,2022-09-06
56229,2022-09-07
56229,2022-09-09
56229,2022-09-12
56229,2022-09-14
56229,2022-09-18
56229,2022-09-27
56229,2022-10-01
56229,2022-10-05
56229,2022-10-08
56229,2022-10-15
56229,2022-10-18
56229,2022-10-30
56229,2022-11-06
56229,2022-11-12
56229,2022-11-22
56229,2022-11-28
56229,2022-12-10
56229,2022-12-23
56229,2023-01-01
56229,2023-02-25
56229,2023-03-15
56229,2023-03-25
56229,2023-04-17
56229,2023-04-26
56229,2023-05-07
56229,2023-05-11
56229,2023-05-30
56229,2023-06-12
56229,2023-06-19
56229,2023-07-07
56229,2023-07-13
56229,2023-08-03
56229,2023-08-21
56229,2023-08-26
56229,2023-09-07
56229,2023-09-08
56229,2023-09-30
56229,2023-10-17
56229,2023-10-27
56229,2023-10-29
56229,2023-11-11
56229,2023-11-27
56229,2023-12-02
56229,2023-12-05
56229,2023-12-12
56229,2023-12-22
56229,2024-01-05
56229,2024-01-09
56229,2024-01-25
56229,2024-01-30
56229,2024-02-13
56229,2024-02-17
56229,2024-03-03
56229,2024-03-08
56229,2024-03-14
56229,2024-03-26
56229,2024-03-30
56229,2024-03-31
56229,2024-04-07
56229,2024-04-15
56229,2024-04-17
56229,2024-04-23
56229,2024-04-27
56229,2024-05-05
56229,2024-05-13
56229,2024-05-18
56229,2024-06-02
56229,2024-06-07
56229,2024-06-14
56229,2024-06-20
56229,2024-06-27
56229,2024-07-23
56229,2024-07-25
56229,2024-08-04
56229,2024-08-07
56229,2024-08-14
56229,2024-08-19
56229,2024-08-22
56229,2024-08-31
56229,2024-09-07
56229,2024-09-14
56229,2024-09-26
56229,2024-09-30
56229,2024-10-31
56229,2024-11-06
56229,2024-11-09
56229,2024-11-17
56229,2024-12-06
56229,2024-12-08
56229,2024-12-24
56229,2024-12-31
56229,2025-01-06
56229,2025-01-12
56229,2025-01-20
56229,2025-01-25
56229,2025-01-31
56229,2025-02-04
56229,2025-02-12
56229,2025-03-02
56229,2025-03-05
56229,2025-03-09
56229,2025-03-15
56229,2025-03-24
56229,2025-03-30
56229,2025-04-06
56229,2025-04-20
56229,2025-05-01
56229,2025-05-10
56229,2025-05-17
56229,2025-05-28
56229,2025-07-04
56229,2025-07-08
56229,2025-08-18
56229,2025-08-23
56229,2025-08-26
63948,2011-09-19
63948,2014-01-11
63948,2014-10-18
63948,2016-05-01
63948,2016-06-03
63948,2016-06-05
63948,2016-08-15
63948,2016-08-20
63948,2016-08-26
63948,2016-08-31
63948,2016-09-11
63948,2016-09-12
63948,2016-09-30
63948,2016-10-11
63948,2016-10-26
63948,2016-11-06
63948,2016-11-07
63948,2016-11-10
63948,2016-11-16
63948,2016-11-23
63948,2016-12-06
63948,2016-12-25
63948,2017-03-30
63948,2020-07-13
63948,2020-09-20
63948,2020-12-26
63948,2021-03-25
63948,2021-04-03
63948,2021-06-08
63948,2021-06-11
63948,2021-07-05
63948,2021-08-26
63948,2021-09-26
63948,2021-10-01
63948,2021-11-22
63948,2021-12-09
63948,2022-04-14
63948,2022-04-25
63948,2022-05-02
63948,2022-05-05
63948,2022-05-09
63948,2022-05-22
63948,2022-05-26
63948,2022-06-07
63948,2022-06-12
63948,2022-06-23
63948,2022-06-25
63948,2022-08-05
63948,2022-08-23
63948,2022-08-27
63948,2022-08-31
63948,2022-09-12
63948,2022-09-13
63948,2022-09-16
63948,2022-09-27
63948,2022-09-28
63948,2022-10-09
63948,2022-10-23
63948,2022-10-28
63948,2022-11-03
63948,2022-11-10
63948,2022-11-11
63948,2022-11-18
63948,2022-11-20
63948,2022-11-27
63948,2022-11-30
63948,2022-12-12
63948,2022-12-19
63948,2022-12-20
63948,2022-12-28
63948,2023-01-20
63948,2023-01-21
63948,2023-01-28
63948,2023-01-29
63948,2023-02-01
63948,2023-02-03
63948,2023-02-10
63948,2023-02-17
63948,2023-02-28
63948,2023-03-13
63948,2023-03-23
63948,2023-03-31
63948,2023-04-16
63948,2023-04-18
63948,2023-04-26
63948,2023-04-27
63948,2023-05-06
63948,2023-05-13
63948,2023-05-20
63948,2023-06-03
63948,2023-06-18
63948,2023-06-21
63948,2023-07-28
63948,2023-07-30
63948,2023-08-03
63948,2023-08-22
63948,2023-08-23
63948,2023-08-31
63948,2023-09-12
63948,2023-09-28
63948,2023-10-08
63948,2023-10-12
63948,2023-10-15
63948,2023-10-18
63948,2023-10-25
63948,2023-10-31
63948,2023-11-06
63948,2023-11-10
63948,2023-11-22
63948,2023-12-01
63948,2023-12-06
63948,2023-12-09
63948,2023-12-10
63948,2023-12-15
63948,2023-12-20
63948,2023-12-30
63948,2024-01-01
63948,2024-01-09
63948,2024-01-16
63948,2024-01-19
63948,2024-01-21
63948,2024-01-24
63948,2024-02-03
63948,2024-02-12
63948,2024-02-13
63948,2024-02-16
63948,2024-02-23
63948,2024-02-26
63948,2024-03-26
63948,2024-03-27
63948,2024-03-30
63948,2024-04-10
63948,2024-04-13
63948,2024-04-18
63948,2024-04-22
63948,2024-04-29
63948,2024-05-01
36660,2016-06-13
36660,2016-06-16
36660,2016-06-17
36660,2016-06-25
36660,2016-07-12
36660,2016-07-16
36660,2016-07-19
36660,2016-07-25
36660,2016-08-04
36660,2016-08-06
36660,2016-08-09
36660,2016-08-16
36660,2016-08-29
36660,2016-09-06
36660,2016-09-25
36660,2016-09-28
36660,2016-10-05
36660,2016-10-12
36660,2016-10-13
36660,2016-10-21
36660,2016-10-23
36660,2016-10-26
36660,2016-10-28
36660,2016-11-03
36660,2016-11-08
36660,2016-11-25
36660,2016-11-28
36660,2016-12-02
36660,2016-12-07
36660,2016-12-11
36660,2016-12-19
36660,2016-12-23
36660,2017-01-04
36660,2017-01-08
36660,2017-01-13
36660,2017-02-04
36660,2017-02-09
36660,2017-02-17
36660,2017-02-25
36660,2017-03-07
36660,2017-03-12
36660,2017-03-20
36660,2017-03-25
36660,2017-03-27
36660,2017-04-04
36660,2017-04-09
36660,2017-04-12
36660,2017-04-18
36660,2017-04-20
36660,2017-04-23
36660,2017-04-28
36660,2017-05-01
36660,2017-05-06
36660,2017-05-11
36660,2017-05-13
36660,2017-05-16
36660,2017-05-24
36660,2017-05-27
36660,2017-05-29
36660,2017-06-05
36660,2017-06-10
36660,2017-06-18
36660,2017-06-20
36660,2017-06-25
36660,2017-06-28
36660,2017-07-03
36660,2017-07-13
36660,2017-07-17
36660,2017-07-20
36660,2017-07-24
36660,2017-07-28
36660,2017-07-30
36660,2017-08-02
36660,2017-08-03
36660,2017-08-12
36660,2017-08-18
36660,2017-09-05
36660,2017-09-07
36660,2017-09-18
36660,2017-10-02
36660,2017-10-06
36660,2017-10-08
36660,2017-10-15
36660,2017-10-25
36660,2017-11-08
36660,2017-11-19
36660,2017-11-24
36660,2017-11-26
36660,2017-11-29
36660,2017-12-01
36660,2017-12-04
36660,2017-12-10
36660,2017-12-16
36660,2017-12-20
36660,2017-12-24
36660,2018-01-01
36660,2018-05-03
36660,2018-05-07
36660,2018-05-20
36660,2018-05-24
36660,2018-06-01
36660,2018-06-03
36660,2018-06-14
36660,2018-06-16
36660,2018-06-18
36660,2018-06-24
36660,2018-07-03
36660,2018-07-06
36660,2018-07-08
36660,2018-07-10
36660,2018-07-12
36660,2018-07-18
36660,2018-07-22
36660,2018-07-24
36660,2018-07-27
36660,2018-08-04
36660,2018-08-06
36660,2018-08-16
36660,2018-09-20
36660,2018-09-22
36660,2018-09-28
36660,2018-10-08
36660,2018-10-12
36660,2018-11-04
36660,2018-11-07
36660,2018-11-11
36660,2018-11-15
36660,2018-11-20
36660,2018-11-25
36660,2018-11-28
36660,2018-12-02
36660,2018-12-04
36660,2018-12-07
36660,2018-12-10
36660,2018-12-17
36660,2018-12-29
36660,2019-01-02
36660,2019-01-13
36660,2019-01-31
36660,2019-02-10
36660,2019-02-17
36660,2019-02-28
36660,2019-03-06
36660,2019-03-11
36660,2019-03-13
36660,2019-03-15
36660,2019-03-22
36660,2019-03-25
36660,2019-03-30
36660,2019-04-03
36660,2019-04-09
36660,2019-04-14
36660,2019-04-23
36660,2019-04-28
36660,2019-05-03
36660,2019-05-05
36660,2019-05-07
36660,2019-05-09
36660,2019-05-18
36660,2019-05-23
36660,2019-05-29
36660,2019-05-30
36660,2019-06-01
36660,2019-06-03
36660,2019-06-06
36660,2019-06-16
36660,2019-06-18
36660,2019-06-26
36660,2019-06-29
36660,2019-07-03
36660,2019-07-07
36660,2019-07-14
36660,2019-08-22
36660,2019-08-27
36660,2019-09-07
36660,2019-09-10
36660,2019-09-26
36660,2019-09-29
36660,2019-10-02
36660,2019-10-11
36660,2019-10-17
36660,2019-10-21
36660,2019-10-25
36660,2019-11-16
36660,2019-11-28
36660,2019-12-01
36660,2019-12-08
36660,2019-12-19
36660,2020-01-06
36660,2020-01-30
36660,2020-02-10
36660,2020-02-12
36660,2020-02-17
36660,2021-04-28
36660,2021-05-03
36660,2021-06-30
36660,2021-07-10
36660,2021-07-23
36660,2021-08-08
36660,2021-08-22
36660,2021-08-24
36660,2021-08-30
36660,2021-09-05
36660,2021-09-19
36660,2021-09-24
36660,2021-09-26
36660,2021-10-05
36660,2021-10-16
36660,2021-10-29
36660,2021-11-11
36660,2021-11-26
36660,2021-12-08
36660,2021-12-12
36660,2021-12-17
36660,2022-03-01
36660,2022-04-15
36660,2022-04-18
36660,2022-04-23
36660,2022-04-26
36660,2022-04-29
36660,2022-05-09
36660,2022-05-11
36660,2022-05-15
36660,2022-05-18
36660,2022-05-28
36660,2022-06-15
36660,2022-07-02
36660,2022-07-06
36660,2022-07-10
36660,2022-07-12
36660,2022-07-14
36660,2022-07-17
36660,2022-07-24
36660,2022-08-13
36660,2022-08-16
36660,2022-08-18
36660,2022-08-31
36660,2022-09-02
36660,2022-09-08
36660,2022-09-10
36660,2022-09-14
36660,2022-09-16
36660,2022-09-20
36660,2022-09-22
36660,2022-09-25
36660,2022-10-03
36660,2022-10-11
36660,2022-10-13
36660,2022-10-15
36660,2022-10-18
36660,2022-10-31
36660,2022-11-11
36660,2022-11-19
36660,2022-11-21
36660,2022-11-24
36660,2022-11-30
36660,2022-12-03
36660,2022-12-12
36660,2023-01-03
36660,2023-01-05
36660,2023-01-08
36660,2023-01-11
36660,2023-01-16
36660,2023-01-29
36660,2023-02-05
36660,2023-02-25
36660,2023-03-01
36660,2023-03-15
36660,2023-03-21
36660,2023-03-23
36660,2023-03-25
36660,2023-04-05
36660,2023-04-10
36660,2023-04-15
36660,2023-04-23
36660,2023-04-30
36660,2023-05-02
36660,2023-05-08
36660,2023-05-10
36660,2023-05-16
36660,2023-05-21
36660,2023-05-23
36660,2023-05-25
36660,2023-06-02
36660,2023-06-07
36660,2023-06-10
36660,2023-06-14
36660,2023-06-18
36660,2023-06-20
36660,2023-06-28
36660,2023-07-05
36660,2023-07-08
36660,2023-07-13
36660,2023-07-16
36660,2023-07-18
36660,2023-07-20
36660,2023-07-23
36660,2023-07-26
36660,2023-07-30
36660,2023-08-03
36660,2023-08-10
36660,2023-08-13
36660,2023-08-20
36660,2023-09-03
36660,2023-09-07
36660,2023-09-29
36660,2023-10-02
36660,2023-10-25
36660,2023-10-28
36660,2023-11-05
36660,2023-11-09
36660,2023-11-13
36660,2023-11-15
36660,2023-11-18
36660,2023-11-21
36660,2023-12-10
36660,2023-12-13
36660,2023-12-17
36660,2023-12-22
36660,2024-01-01
36660,2024-01-07
36660,2024-01-12
36660,2024-01-26
36660,2024-02-25
36660,2024-02-28
36660,2024-03-07
36660,2024-03-11
36660,2024-03-22
36660,2024-03-24
36660,2024-03-31
36660,2024-04-03
36660,2024-04-09
36660,2024-04-27
36660,2024-05-06
36660,2024-05-10
36660,2024-05-13
36660,2024-05-15
36660,2024-05-20
36660,2024-05-25
36660,2024-05-27
36660,2024-05-30
36660,2024-06-02
36660,2024-06-11
36660,2024-06-17
36660,2024-06-19
36660,2024-06-22
36660,2024-07-01
36660,2024-07-07
36660,2024-07-12
36660,2024-07-14
36660,2024-07-29
36660,2024-08-12
36660,2024-08-16
36660,2024-08-18
36660,2024-08-21
36660,2024-09-13
36660,2024-09-16
36660,2024-09-20
36660,2024-09-22
36660,2024-09-26
36660,2024-10-03
36660,2024-10-21
36660,2024-10-28
36660,2024-11-04
36660,2024-11-09
36660,2024-11-22
36660,2024-11-26
36660,2024-12-02
36660,2024-12-11
36660,2024-12-15
36660,2024-12-23
36660,2025-01-01
36660,2025-01-11
36660,2025-01-19
36660,2025-01-28
36660,2025-02-26
36660,2025-03-08
36660,2025-03-23
36660,2025-04-14
36660,2025-04-21
36660,2025-05-12
36660,2025-05-31
36660,2025-06-09
36660,2025-06-23
36660,2025-06-29
36660,2025-07-03
36660,2025-07-11
36660,2025-07-14
36660,2025-07-17
36660,2025-07-20
36660,2025-07-29
36660,2025-08-02
36660,2025-08-10
36660,2025-08-13
36660,2025-09-05
38605,2010-10-30
38605,2010-12-06
38605,2011-01-17
38605,2011-03-08
38605,2011-03-12
38605,2011-04-13
38605,2011-05-13
38605,2011-05-18
38605,2011-05-22
38605,2011-05-24
38605,2011-05-27
38605,2011-05-30
38605,2011-06-17
38605,2011-06-26
38605,2011-06-29
38605,2011-07-02
38605,2011-07-04
38605,2011-07-08
38605,2011-07-12
38605,2011-07-15
38605,2011-07-20
38605,2011-07-29
38605,2011-09-13
38605,2011-09-18
38605,2011-09-26
38605,2011-10-10
38605,2011-10-19
38605,2011-10-27
38605,2011-10-30
38605,2011-11-03
38605,2011-11-14
38605,2011-11-17
38605,2011-11-26
38605,2011-11-28
38605,2011-12-07
38605,2011-12-16
38605,2011-12-20
38605,2012-03-15
38605,2012-04-03
38605,2012-04-27
38605,2012-04-30
38605,2012-05-06
38605,2012-05-16
38605,2012-05-25
38605,2012-06-30
38605,2012-09-07
38605,2012-09-17
38605,2012-10-22
38605,2012-11-03
38605,2012-11-15
38605,2012-11-17
38605,2012-11-19
38605,2012-12-03
38605,2012-12-13
38605,2013-01-20
38605,2013-01-27
38605,2013-03-04
38605,2013-03-09
38605,2013-03-14
38605,2013-04-07
38605,2013-04-11
38605,2013-04-20
38605,2013-04-26
38605,2013-04-28
38605,2013-05-03
38605,2013-05-11
38605,2013-05-20
38605,2013-05-22
38605,2013-05-25
38605,2013-06-02
38605,2013-06-11
38605,2013-06-14
38605,2013-07-02
38605,2013-07-08
38605,2013-07-11
38605,2013-07-18
38605,2013-07-31
38605,2013-09-07
38605,2013-09-17
38605,2013-09-19
38605,2013-09-22
38605,2013-10-18
38605,2013-10-23
38605,2013-10-28
38605,2013-10-31
38605,2013-11-09
38605,2013-11-18
38605,2013-11-26
38605,2013-11-30
38605,2013-12-03
38605,2013-12-06
38605,2013-12-09
38605,2014-01-22
38605,2014-01-28
38605,2014-02-09
38605,2014-02-28
38605,2014-03-03
38605,2014-03-10
38605,2014-03-14
38605,2014-03-17
38605,2014-03-23
38605,2014-03-25
38605,2014-03-29
38605,2014-04-04
216350,2022-04-22
216350,2022-04-25
216350,2022-04-27
216350,2022-05-06
216350,2022-05-08
216350,2022-05-15
216350,2022-05-22
216350,2022-06-01
216350,2022-06-04
216350,2022-06-06
216350,2022-06-07
216350,2022-06-21
216350,2022-06-27
216350,2022-06-29
216350,2022-06-30
216350,2022-07-07
216350,2022-07-08
216350,2022-07-10
216350,2022-07-25
216350,2022-08-07
216350,2022-09-20
216350,2022-09-22
216350,2022-09-25
216350,2022-10-02
216350,2022-10-06
216350,2022-10-08
216350,2022-10-14
216350,2022-10-20
216350,2022-10-21
216350,2022-10-23
216350,2022-10-26
216350,2022-11-05
216350,2022-11-12
216350,2022-11-15
216350,2022-11-20
216350,2022-11-26
216350,2022-11-27
216350,2022-11-29
216350,2022-12-11
216350,2022-12-16
216350,2022-12-20
216350,2023-01-14
216350,2023-01-29
216350,2023-02-12
216350,2023-02-25
216350,2023-03-05
216350,2023-03-13
216350,2023-03-27
216350,2023-04-08
216350,2023-04-10
216350,2023-04-15
216350,2023-04-21
216350,2023-05-07
216350,2023-05-12
216350,2023-05-18
216350,2023-05-28
216350,2023-05-29
216350,2023-05-30
216350,2023-06-05
216350,2023-06-12
216350,2023-06-14
216350,2023-06-20
216350,2023-07-13
216350,2023-07-17
216350,2023-07-20
216350,2023-08-01
216350,2023-08-13
216350,2023-08-22
216350,2023-08-28
216350,2023-09-10
216350,2023-10-03
216350,2023-10-10
216350,2023-10-22
216350,2023-11-05
216350,2023-11-07
216350,2023-12-12
216350,2024-02-04
216350,2024-02-25
216350,2024-04-22
216350,2024-04-24
216350,2024-05-16
216350,2024-05-20
216350,2024-05-22
216350,2024-05-24
216350,2024-05-26
216350,2024-06-21
216350,2024-07-07
216350,2024-07-14
216350,2024-07-24
216350,2024-08-13
216350,2024-10-14
216350,2024-10-27
216350,2025-06-24
216350,2025-06-29
216350,2025-07-14
227502,2011-10-06
227502,2011-10-13
227502,2011-10-18
227502,2011-11-01
227502,2011-11-16
227502,2011-12-02
227502,2011-12-24
227502,2012-01-29
227502,2012-02-16
227502,2012-03-22
227502,2012-04-17
227502,2012-05-12
227502,2012-06-11
227502,2012-07-13
227502,2012-08-05
227502,2012-08-18
227502,2012-08-22
227502,2012-09-20
227502,2012-09-26
227502,2012-10-13
227502,2012-11-01
227502,2012-11-26
227502,2012-12-04
227502,2013-01-02
227502,2013-04-04
227502,2013-05-03
227502,2013-05-13
227502,2013-05-25
227502,2013-06-04
227502,2013-06-12
227502,2013-07-14
227502,2013-07-19
227502,2013-08-21
227502,2013-09-02
227502,2013-09-25
227502,2013-10-18
227502,2013-10-24
227502,2013-11-07
227502,2013-11-28
227502,2013-12-04
227502,2014-01-03
227502,2014-02-03
227502,2014-02-21
227502,2014-02-25
227502,2014-03-03
227502,2014-03-24
227502,2014-04-22
227502,2014-05-05
227502,2014-06-11
227502,2014-06-17
227502,2014-07-08
227502,2014-07-30
227502,2014-08-10
227502,2014-08-13
227502,2014-08-21
227502,2014-08-25
227502,2014-09-27
227502,2014-10-12
227502,2014-10-19
227502,2014-10-25
227502,2014-11-02
227502,2014-12-05
227502,2014-12-12
227502,2015-02-07
227502,2015-02-21
227502,2015-03-05
227502,2015-03-16
227502,2015-03-27
227502,2015-04-07
227502,2015-04-23
227502,2015-04-28
227502,2015-05-02
227502,2015-05-09
227502,2015-05-20
227502,2015-05-27
227502,2015-06-15
227502,2015-06-22
227502,2015-06-26
227502,2015-07-21
227502,2015-08-01
227502,2015-08-14
227502,2015-08-22
227502,2015-10-05
227502,2015-10-20
227502,2015-10-29
227502,2015-11-16
227502,2015-11-20
227502,2015-11-29
227502,2016-02-22
227502,2016-03-03
227502,2016-03-20
227502,2016-05-16
227502,2016-05-20
227502,2016-05-28
227502,2016-06-29
227502,2016-07-08
227502,2016-07-13
227502,2016-07-16
227502,2016-07-30
227502,2016-09-08
227502,2016-09-21
227502,2016-10-02
227502,2016-10-15
227502,2016-11-20
227502,2016-12-02
227502,2016-12-16
227502,2017-03-14
227502,2017-03-18
227502,2017-04-09
227502,2017-05-22
227502,2017-06-04
227502,2017-06-22
227502,2017-09-02
227502,2018-01-30
227502,2018-02-14
227502,2018-02-22
227502,2018-03-22
227502,2018-07-07
227502,2018-10-13
227502,2018-11-04
227502,2018-11-09
227502,2019-01-25
227502,2019-03-11
227502,2019-03-19
227502,2019-04-28
227502,2019-05-04
227502,2019-05-16
227502,2019-05-30
227502,2019-06-20
227502,2019-07-04
227502,2019-07-12
227502,2019-08-18
227502,2019-08-25
227502,2021-09-05
227502,2021-09-25
227502,2021-11-01
227502,2024-09-28
227502,2024-12-04
227502,2024-12-10
227502,2025-04-29
227502,2025-05-05
227502,2025-05-19
227502,2025-06-17
227502,2025-06-29
227502,2025-07-21
227502,2025-08-06
227502,2025-09-03
228195,2012-12-31
228195,2013-05-14
228195,2013-06-23
228195,2013-07-10
228195,2013-08-18
228195,2013-09-06
228195,2013-12-02
228195,2014-04-23
228195,2014-05-05
228195,2014-06-09
228195,2014-08-16
228195,2014-09-19
228195,2014-09-29
228195,2014-10-18
228195,2014-11-03
228195,2014-11-30
228195,2015-01-27
228195,2015-05-27
228195,2015-06-23
228195,2015-07-27
228195,2015-09-03
228195,2015-09-18
228195,2015-10-04
228195,2016-02-02
228195,2016-03-13
228195,2016-07-23
228195,2016-08-07
228195,2016-08-18
228195,2016-09-04
228195,2016-09-13
228195,2016-10-02
228195,2016-11-14
228195,2016-11-27
228195,2017-03-03
228195,2017-03-12
228195,2017-05-18
228195,2017-06-17
228195,2017-07-17
228195,2017-08-11
228195,2017-08-28
228195,2017-09-25
228195,2017-10-08
228195,2018-01-27
228195,2018-02-26
228195,2018-06-13
228195,2018-07-09
228195,2018-09-24
228195,2018-10-09
228195,2018-11-04
228195,2019-05-25
228195,2019-06-08
228195,2019-09-23
228195,2019-12-03
228195,2019-12-09
228195,2020-02-11
228195,2020-10-02
228195,2021-06-06
228195,2021-06-22
228195,2021-07-11
228195,2021-08-10
228195,2021-09-01
228195,2021-09-15
228195,2021-09-26
228195,2021-10-03
228195,2021-12-02
228195,2022-02-14
228195,2022-04-28
228195,2022-05-17
228195,2022-06-23
228195,2022-07-18
228195,2022-09-05
228389,2024-03-21
228389,2024-03-30
228389,2024-04-04
228389,2024-04-11
228389,2024-04-25
228389,2024-05-02
228389,2024-05-09
228389,2024-05-16
228389,2024-05-23
228389,2024-05-30
228389,2024-06-13
228389,2024-06-20
228389,2024-06-27
228389,2024-07-03
228389,2024-07-20
228389,2024-07-25
228389,2024-08-01
228389,2024-08-08
228389,2024-08-15
228389,2024-08-22
228389,2024-08-29
228389,2024-09-05
228389,2024-09-30
228389,2024-11-27
228389,2024-12-29
228389,2025-01-15
228389,2025-07-01
228389,2025-07-06
229684,2014-09-15
229684,2014-09-21
229684,2014-10-06
229684,2014-10-12
229684,2014-10-26
229684,2014-11-07
229684,2014-11-11
229684,2014-11-17
229684,2014-11-23
229684,2014-11-29
229684,2014-12-12
229684,2015-08-07
229684,2015-08-20
229684,2015-09-16
229684,2015-11-13
229684,2015-11-22
229684,2015-11-29
229684,2016-05-04
229684,2016-10-07
229684,2016-10-16
229684,2016-10-28
229684,2016-11-06
230839,2011-10-22
230839,2012-03-01
230839,2012-07-31
230839,2012-08-16
232240,2011-11-05
232240,2012-01-01
232240,2012-04-30
232240,2012-06-24
232240,2012-10-07
232240,2013-04-26
232240,2013-04-29
232240,2013-05-07
232240,2013-05-23
232240,2013-06-04
232240,2013-06-10
232240,2013-06-23
232240,2013-07-30
232240,2013-08-11
232240,2013-09-14
232240,2013-10-01
232240,2013-10-14
232240,2013-10-21
232240,2013-10-30
232240,2013-11-04
232240,2013-11-17
232240,2013-11-19
232240,2013-12-12
232240,2014-03-02
232240,2014-03-16
232240,2014-03-23
232240,2014-04-18
232240,2014-04-28
232240,2018-06-24
232240,2023-05-07
232240,2023-05-16
232240,2023-06-10
232240,2023-06-20
232240,2023-06-26
232240,2023-10-01
232240,2024-05-05
232240,2024-07-24
232240,2024-07-31
232240,2024-08-14
232240,2024-08-24
232240,2024-08-31
232240,2024-09-16
232240,2024-10-06
38605,2014-04-09
38605,2014-04-11
38605,2014-04-14
38605,2014-04-16
38605,2014-04-20
38605,2014-05-05
38605,2014-05-10
38605,2014-06-06
38605,2014-06-10
38605,2014-06-13
38605,2014-06-19
38605,2014-06-29
38605,2014-07-17
38605,2014-07-21
38605,2014-07-26
38605,2014-07-31
38605,2014-08-04
38605,2014-08-09
38605,2014-08-30
38605,2014-09-03
38605,2014-09-07
38605,2014-09-15
38605,2014-09-17
38605,2014-09-21
38605,2014-09-28
38605,2014-10-19
38605,2014-11-03
38605,2014-11-09
38605,2014-11-13
38605,2014-11-17
38605,2014-11-21
38605,2014-11-25
38605,2014-11-30
38605,2014-12-06
38605,2014-12-08
38605,2014-12-15
38605,2014-12-17
38605,2014-12-24
38605,2015-01-27
38605,2015-02-01
38605,2015-02-09
38605,2015-02-18
38605,2015-02-20
38605,2015-02-22
38605,2015-03-23
38605,2015-03-31
38605,2015-04-14
38605,2015-04-21
38605,2015-05-02
38605,2015-05-04
38605,2015-05-18
38605,2015-05-19
38605,2015-05-21
38605,2015-05-24
38605,2015-05-27
38605,2015-06-14
38605,2015-06-18
38605,2015-06-25
38605,2015-06-29
38605,2015-07-03
38605,2015-07-05
38605,2015-09-05
38605,2015-09-13
38605,2015-09-17
38605,2015-09-19
38605,2015-09-22
38605,2015-09-25
38605,2015-10-16
38605,2015-10-24
38605,2015-10-26
38605,2015-10-31
38605,2015-11-02
38605,2015-11-04
38605,2015-11-07
38605,2015-11-09
38605,2015-12-04
38605,2015-12-07
38605,2015-12-23
38605,2016-01-10
38605,2016-01-15
38605,2016-01-17
38605,2016-02-04
38605,2016-03-16
38605,2016-03-22
38605,2016-04-08
38605,2016-04-10
38605,2016-04-14
38605,2016-04-25
38605,2016-04-28
38605,2016-05-01
38605,2016-05-08
38605,2016-05-15
38605,2016-05-27
38605,2016-06-20
38605,2016-06-27
38605,2016-06-30
38605,2016-07-09
38605,2016-07-11
38605,2016-07-16
38605,2016-09-10
38605,2016-09-13
38605,2016-09-15
38605,2016-09-19
38605,2016-10-16
38605,2016-10-18
38605,2016-10-25
38605,2016-10-28
38605,2016-11-02
38605,2016-11-04
38605,2016-11-06
38605,2016-11-10
38605,2016-11-13
38605,2016-11-17
38605,2016-11-20
38605,2016-11-28
38605,2016-12-04
38605,2016-12-08
38605,2016-12-11
38605,2016-12-13
38605,2016-12-18
38605,2017-01-07
38605,2017-01-09
38605,2017-01-14
38605,2017-01-26
38605,2017-01-30
38605,2017-02-05
38605,2017-03-20
38605,2017-04-04
38605,2017-04-09
38605,2017-04-17
38605,2017-04-22
38605,2017-04-27
38605,2017-04-30
38605,2017-05-08
38605,2017-05-12
38605,2017-05-14
38605,2017-05-16
38605,2017-05-18
38605,2017-06-18
38605,2017-06-22
38605,2017-06-26
38605,2017-06-30
38605,2017-07-05
38605,2017-07-07
38605,2017-07-13
38605,2017-08-31
38605,2017-09-14
38605,2017-09-17
38605,2017-09-20
38605,2017-10-04
38605,2017-10-07
38605,2017-10-30
38605,2017-11-01
38605,2017-11-05
38605,2017-11-15
38605,2017-11-21
38605,2017-11-25
38605,2017-11-29
38605,2017-12-03
38605,2017-12-12
38605,2017-12-14
38605,2017-12-17
38605,2017-12-23
38605,2018-01-10
38605,2018-01-21
38605,2018-01-28
38605,2018-02-05
38605,2018-02-11
38605,2018-02-18
38605,2018-02-27
38605,2018-03-12
38605,2018-03-15
38605,2018-03-18
38605,2018-03-21
38605,2018-04-15
38605,2018-04-18
38605,2018-04-20
38605,2018-04-22
38605,2018-04-28
38605,2018-04-30
38605,2018-05-05
38605,2018-05-07
38605,2018-05-09
38605,2018-05-12
38605,2018-05-18
38605,2018-05-20
38605,2018-06-10
38605,2018-06-13
38605,2018-06-16
38605,2018-06-19
38605,2018-06-21
38605,2018-07-14
38605,2018-07-22
38605,2018-08-30
38605,2018-09-07
38605,2018-09-09
38605,2018-09-13
38605,2018-09-15
38605,2018-09-17
38605,2018-09-19
38605,2018-10-06
38605,2018-10-15
38605,2018-10-20
38605,2018-10-22
38605,2018-10-26
38605,2018-10-29
38605,2018-11-02
38605,2018-11-16
38605,2018-11-18
38605,2018-11-22
38605,2018-11-26
38605,2018-12-02
38605,2018-12-06
38605,2018-12-16
38605,2018-12-23
38605,2019-01-13
38605,2019-01-17
38605,2019-01-24
38605,2019-02-03
38605,2019-03-15
38605,2019-03-17
38605,2019-03-20
38605,2019-03-24
38605,2019-03-31
38605,2019-04-14
38605,2019-04-16
38605,2019-05-04
38605,2019-05-07
38605,2019-05-10
38605,2019-05-16
38605,2019-06-05
63948,2024-05-06
63948,2024-05-10
63948,2024-05-12
63948,2024-05-18
63948,2024-05-20
63948,2024-05-23
63948,2024-05-25
63948,2024-05-28
63948,2024-05-29
63948,2024-06-02
63948,2024-06-06
63948,2024-06-08
63948,2024-06-11
63948,2024-06-13
63948,2024-06-16
63948,2024-06-19
63948,2024-07-01
63948,2024-07-08
63948,2024-07-12
63948,2024-07-19
63948,2024-07-30
63948,2024-08-01
63948,2024-08-13
63948,2024-09-03
63948,2024-09-04
63948,2024-09-19
63948,2024-09-29
63948,2024-10-08
63948,2024-10-18
63948,2024-10-26
63948,2024-11-02
63948,2024-11-09
63948,2024-11-14
63948,2024-11-30
63948,2024-12-05
63948,2024-12-08
63948,2024-12-09
63948,2024-12-12
63948,2024-12-16
63948,2024-12-17
63948,2024-12-22
63948,2024-12-25
63948,2024-12-28
63948,2025-01-04
63948,2025-01-06
63948,2025-01-10
63948,2025-01-12
63948,2025-01-16
63948,2025-01-24
63948,2025-02-02
63948,2025-02-05
63948,2025-02-08
63948,2025-02-17
63948,2025-02-18
63948,2025-02-25
63948,2025-03-02
63948,2025-03-13
63948,2025-03-14
63948,2025-03-17
63948,2025-03-20
63948,2025-03-24
63948,2025-03-29
63948,2025-04-15
63948,2025-04-30
63948,2025-05-01
63948,2025-05-06
63948,2025-05-11
63948,2025-05-12
63948,2025-05-17
63948,2025-05-20
63948,2025-05-23
63948,2025-05-28
63948,2025-06-02
63948,2025-06-08
63948,2025-06-11
63948,2025-06-15
63948,2025-06-19
63948,2025-06-22
63948,2025-06-28
63948,2025-07-08
63948,2025-07-11
63948,2025-07-20
63948,2025-07-25
63948,2025-07-30
63948,2025-08-01
63948,2025-08-10
63948,2025-08-18
63948,2025-08-21
63948,2025-08-26
63948,2025-08-31
66772,2011-01-14
66772,2011-02-21
66772,2011-03-12
66772,2011-04-26
66772,2012-05-19
66772,2013-03-15
66772,2013-04-17
66772,2013-09-26
66772,2015-02-03
66772,2015-03-19
66772,2015-12-12
66772,2015-12-18
66772,2015-12-31
66772,2016-03-20
66772,2016-06-17
66772,2016-06-30
66772,2016-07-08
66772,2016-07-17
66772,2016-09-05
66772,2016-09-12
66772,2018-04-06
66772,2018-07-02
66772,2018-08-02
66772,2018-12-16
66772,2019-02-19
66772,2019-03-13
66772,2019-03-14
66772,2019-03-21
66772,2019-04-30
66772,2019-05-02
66772,2019-05-06
66772,2019-05-13
66772,2019-05-14
66772,2019-06-11
66772,2019-06-12
66772,2019-06-13
66772,2019-06-17
66772,2019-06-18
66772,2019-06-30
66772,2019-07-15
66772,2019-07-17
66772,2019-07-19
66772,2019-08-25
66772,2019-09-09
66772,2019-09-20
66772,2019-09-23
66772,2019-09-28
66772,2019-10-09
66772,2020-01-01
66772,2020-01-27
66772,2020-03-04
66772,2020-03-08
66772,2020-03-23
66772,2020-09-02
66772,2020-10-08
66772,2021-07-02
66772,2021-08-29
66772,2021-09-30
66772,2021-10-06
66772,2021-10-13
66772,2021-11-13
66772,2021-11-18
66772,2021-12-12
66772,2021-12-18
66772,2022-01-12
66772,2022-01-16
66772,2022-02-18
66772,2022-02-22
66772,2022-03-17
66772,2022-03-19
66772,2022-04-03
66772,2022-04-06
66772,2022-04-12
66772,2022-04-13
66772,2022-04-17
66772,2022-04-26
66772,2022-04-27
66772,2022-04-30
66772,2022-05-01
66772,2022-05-04
66772,2022-05-10
66772,2022-05-18
66772,2022-05-29
66772,2022-06-01
66772,2022-06-29
66772,2022-07-03
66772,2022-08-06
66772,2022-08-12
66772,2022-08-14
66772,2022-08-22
66772,2022-08-30
66772,2022-09-01
66772,2022-09-12
66772,2022-09-27
66772,2022-10-21
66772,2022-10-28
66772,2022-11-03
66772,2022-11-10
66772,2022-12-11
66772,2023-01-02
66772,2023-01-19
66772,2023-01-29
66772,2023-02-12
66772,2023-03-01
66772,2023-03-04
66772,2023-03-04
66772,2023-04-05
66772,2023-04-08
66772,2023-04-11
66772,2023-04-15
66772,2023-05-07
66772,2023-05-18
66772,2023-06-02
66772,2023-06-05
66772,2023-06-22
66772,2023-06-25
66772,2023-06-26
66772,2023-07-18
66772,2023-07-25
66772,2023-07-27
66772,2023-08-15
66772,2023-08-22
66772,2023-08-29
66772,2023-09-02
66772,2023-09-03
66772,2023-09-15
66772,2023-09-16
66772,2023-09-30
66772,2023-10-03
66772,2023-10-12
66772,2023-10-19
66772,2023-10-31
66772,2023-11-01
66772,2023-11-04
66772,2023-11-08
66772,2023-11-11
66772,2023-11-14
66772,2023-11-20
66772,2023-11-26
66772,2023-11-30
66772,2023-12-03
66772,2023-12-10
66772,2023-12-14
66772,2023-12-21
66772,2023-12-26
66772,2023-12-29
66772,2024-01-08
66772,2024-01-24
66772,2024-01-27
66772,2024-01-28
66772,2024-02-07
66772,2024-02-12
66772,2024-03-10
66772,2024-03-14
66772,2024-03-20
66772,2024-03-27
66772,2024-03-28
66772,2024-04-10
66772,2024-04-13
66772,2024-04-16
66772,2024-04-21
66772,2024-05-14
66772,2024-06-02
66772,2024-06-08
66772,2024-06-14
66772,2024-06-16
66772,2024-07-10
66772,2024-07-13
66772,2024-07-20
66772,2024-08-07
66772,2024-08-14
66772,2024-08-27
66772,2024-09-04
66772,2024-09-08
66772,2024-09-10
66772,2024-09-22
66772,2024-10-08
66772,2024-10-09
66772,2024-10-15
66772,2024-10-21
66772,2024-10-28
66772,2024-10-30
66772,2024-11-03
66772,2024-11-10
66772,2024-11-23
66772,2024-11-26
66772,2024-11-30
66772,2024-12-09
66772,2024-12-14
66772,2024-12-18
66772,2024-12-27
66772,2025-01-05
66772,2025-01-15
66772,2025-01-19
66772,2025-01-23
66772,2025-01-28
66772,2025-02-02
66772,2025-02-08
66772,2025-02-10
66772,2025-02-14
66772,2025-03-03
66772,2025-03-13
66772,2025-03-14
66772,2025-03-17
66772,2025-03-23
66772,2025-03-27
66772,2025-04-03
66772,2025-04-19
66772,2025-04-22
66772,2025-04-30
66772,2025-05-09
66772,2025-05-10
66772,2025-05-11
66772,2025-05-15
66772,2025-05-19
66772,2025-05-29
66772,2025-06-07
66772,2025-06-11
66772,2025-06-17
66772,2025-06-19
66772,2025-06-27
66772,2025-06-30
66772,2025-07-09
66772,2025-07-21
66772,2025-07-31
66772,2025-08-07
66772,2025-08-12
66772,2025-08-18
66772,2025-09-01
67851,2012-12-02
67851,2013-02-09
67851,2013-05-01
67851,2013-09-07
67851,2013-10-24
67851,2014-12-17
67851,2015-02-08
67851,2015-04-23
67851,2015-06-02
67851,2015-06-28
67851,2015-10-21
67851,2015-11-10
67851,2015-11-17
67851,2016-01-24
67851,2016-04-25
67851,2016-05-06
67851,2016-09-26
67851,2016-11-06
67851,2017-03-05
67851,2017-04-03
67851,2017-05-21
67851,2017-06-02
67851,2017-06-26
67851,2017-07-30
67851,2017-08-25
67851,2017-09-20
67851,2017-10-14
67851,2017-11-27
67851,2018-01-05
67851,2018-02-20
67851,2019-11-27
67851,2019-12-07
67851,2019-12-20
67851,2019-12-27
67851,2020-01-21
67851,2020-09-20
67851,2023-06-13
67851,2023-06-23
67851,2023-07-09
67851,2023-07-30
67851,2023-09-03
67851,2023-09-21
67851,2023-11-03
67851,2023-11-13
67851,2023-11-22
67851,2023-11-27
67851,2024-08-01
67851,2024-08-31
67851,2024-11-23
67851,2024-12-26
67851,2025-05-10
67851,2025-05-27
67851,2025-07-17
67851,2025-07-27
67851,2025-09-04
67934,2011-12-12
67934,2012-09-14
67934,2012-10-01
67934,2013-10-01
67934,2014-05-23
67934,2014-11-26
67934,2015-01-19
67934,2015-04-08
67934,2015-05-15
67934,2015-05-23
67934,2015-06-16
67934,2015-10-04
67934,2015-10-11
67934,2017-04-21
67934,2017-05-05
67934,2017-09-11
67934,2017-12-06
67934,2018-03-16
67934,2018-11-23
67934,2019-02-23
67934,2019-04-06
67934,2019-06-06
67934,2019-10-06
67934,2019-12-09
67934,2020-01-03
69198,2012-07-01
69198,2013-05-13
69198,2014-02-09
69198,2014-05-11
69198,2014-06-10
69198,2018-08-03
69198,2019-05-15
69198,2019-06-29
69198,2019-09-13
69198,2019-11-02
69198,2019-12-13
38605,2019-06-07
38605,2019-06-09
38605,2019-06-11
38605,2019-06-17
38605,2019-06-19
38605,2019-06-21
38605,2019-06-28
38605,2019-07-03
38605,2019-09-06
38605,2019-09-10
38605,2019-09-16
38605,2019-09-20
38605,2019-09-22
38605,2019-09-25
38605,2019-09-28
38605,2019-10-01
38605,2019-10-03
38605,2019-10-24
38605,2019-10-27
38605,2019-10-31
38605,2019-11-13
38605,2019-11-19
38605,2019-11-24
38605,2019-11-30
38605,2019-12-03
38605,2019-12-08
38605,2019-12-11
38605,2019-12-14
38605,2019-12-16
38605,2020-03-15
38605,2022-02-15
38605,2022-02-21
38605,2022-02-27
38605,2022-03-14
38605,2022-03-21
38605,2022-03-26
38605,2022-03-29
38605,2022-04-03
38605,2022-04-09
38605,2022-04-13
38605,2022-08-12
38605,2022-08-15
38605,2022-09-05
38605,2022-09-09
38605,2022-09-15
38605,2022-09-19
38605,2022-09-25
38605,2022-09-29
38605,2022-10-01
38605,2022-10-03
38605,2022-10-31
38605,2024-03-11
38610,2012-08-09
38610,2013-01-04
38610,2015-04-10
38610,2015-07-21
38610,2016-01-03
38610,2016-08-01
38610,2016-08-16
38610,2016-08-29
38610,2017-02-22
38610,2017-05-29
38610,2017-06-10
38610,2017-07-23
38610,2017-07-30
38610,2017-08-14
38610,2017-08-26
38610,2017-10-14
38610,2018-01-05
38610,2018-04-07
38610,2018-07-01
38610,2018-07-09
38610,2018-07-31
38610,2018-08-22
38610,2019-01-04
38610,2019-02-24
38610,2019-03-10
38610,2019-04-26
38610,2019-05-30
38610,2019-07-26
38610,2019-08-16
38610,2019-08-30
38610,2019-10-13
38610,2019-10-19
38610,2020-01-04
38610,2020-01-17
38610,2020-02-28
38610,2020-08-12
38610,2022-08-02
38610,2022-11-19
38610,2022-12-19
38610,2023-01-05
38610,2023-08-01
38610,2023-08-27
38995,2020-02-08
38995,2020-02-09
38995,2020-02-10
38995,2020-02-11
38995,2020-02-12
38995,2020-02-21
38995,2022-11-20
38995,2022-11-24
38995,2022-11-27
38995,2023-01-15
38995,2023-02-14
38995,2023-02-16
38995,2023-02-23
38995,2023-02-26
38995,2023-03-01
38995,2023-03-05
38995,2023-03-08
38995,2023-03-12
38995,2023-03-17
38995,2023-03-19
38995,2023-03-22
38995,2023-03-26
38995,2023-04-02
38995,2023-04-05
38995,2023-04-25
38995,2023-05-04
38995,2023-05-10
38995,2023-05-20
38995,2023-05-28
38995,2023-06-01
38995,2023-06-03
38995,2023-06-13
38995,2023-06-17
38995,2023-06-18
38995,2023-07-02
38995,2023-07-08
38995,2023-07-09
38995,2023-07-30
38995,2023-08-04
38995,2023-09-23
38995,2023-09-28
38995,2023-10-01
38995,2023-10-25
38995,2023-11-12
38995,2023-12-03
38995,2023-12-09
38995,2024-03-13
38995,2024-04-10
38995,2024-04-21
38995,2024-04-24
38995,2024-05-03
38995,2024-05-19
38995,2024-05-27
38995,2024-07-03
38995,2024-09-05
38995,2024-09-12
38995,2024-10-06
38995,2024-10-12
38995,2024-10-20
38995,2024-11-16
38995,2024-11-30
38995,2024-12-01
38995,2024-12-08
38995,2024-12-29
38995,2025-01-01
38995,2025-01-20
38995,2025-04-03
38995,2025-04-12
38995,2025-04-27
38995,2025-05-01
38995,2025-05-03
38995,2025-07-26
39387,2014-06-18
39387,2014-07-03
39387,2014-09-30
39387,2015-10-05
39387,2015-10-09
39387,2018-06-01
39387,2018-07-15
39387,2019-06-27
39387,2019-10-02
39387,2019-11-03
41445,2012-04-28
41445,2012-08-03
41445,2012-12-16
41445,2013-04-09
41445,2013-07-21
41445,2013-07-21
41445,2013-08-06
41445,2013-08-27
41445,2016-09-26
41445,2016-12-17
41445,2017-01-05
41445,2017-01-13
41445,2017-11-22
41445,2017-12-31
41445,2019-05-14
41445,2019-06-10
41445,2019-07-10
41445,2019-07-16
41445,2019-07-22
41445,2023-12-31
41445,2024-06-07
41445,2024-07-14
41445,2024-07-23
41445,2024-08-18
41445,2024-08-24
41509,2011-06-15
41509,2011-07-09
41509,2011-09-16
41509,2012-08-16
41509,2012-09-17
41509,2012-10-11
41509,2013-04-09
41509,2013-05-04
41509,2013-05-18
41509,2013-05-27
41509,2013-06-21
41509,2013-06-27
41509,2013-07-01
41509,2013-07-08
41509,2013-07-17
41509,2013-10-08
41509,2013-11-03
41509,2013-12-03
41509,2014-01-07
41509,2014-03-21
41509,2014-05-10
41509,2014-05-12
41509,2014-09-17
41509,2014-09-18
41509,2014-09-25
41509,2014-11-01
41509,2014-11-10
41509,2014-11-20
41509,2015-07-22
41509,2015-08-01
41509,2015-09-21
41509,2015-10-01
41509,2015-10-15
41509,2015-10-19
41509,2015-10-26
41509,2015-10-30
41509,2015-11-02
41509,2015-12-01
41509,2016-05-16
41509,2016-05-25
41509,2016-07-03
41509,2016-07-09
41509,2016-09-16
41509,2016-10-29
41509,2017-03-31
41509,2017-04-12
41509,2017-05-02
41509,2017-05-15
41509,2017-05-30
41509,2017-07-09
41509,2017-07-22
41509,2018-06-19
41509,2018-07-05
41509,2018-07-08
41509,2018-07-13
41509,2018-07-22
41509,2018-08-02
41509,2018-08-10
41509,2018-09-22
41509,2018-10-04
41509,2018-10-08
41509,2018-10-11
41509,2018-10-14
41509,2018-11-02
41509,2018-11-30
41509,2019-03-05
41509,2019-03-24
41509,2019-07-30
41509,2019-08-18
41509,2019-11-01
41509,2019-12-23
41712,2011-02-19
41712,2011-03-22
41712,2011-04-09
41712,2011-04-17
41712,2011-05-11
41712,2011-05-16
41712,2011-05-20
41712,2011-05-27
41712,2011-06-06
41712,2011-06-24
41712,2011-06-27
41712,2011-07-03
41712,2011-07-18
41712,2011-07-25
41712,2011-08-20
41712,2011-09-05
41712,2011-09-14
41712,2011-09-24
41712,2011-10-01
41712,2011-10-11
41712,2011-10-27
41712,2011-11-12
41712,2011-11-19
41712,2011-12-01
41712,2012-02-05
41712,2012-05-01
41712,2012-05-08
41712,2012-05-21
41712,2012-09-01
41712,2012-09-14
41712,2012-10-03
41712,2012-10-12
41712,2012-10-29
41712,2012-11-10
41712,2012-12-09
41712,2013-04-22
41712,2013-04-27
41712,2013-05-02
41712,2013-11-06
41712,2014-03-07
41712,2014-05-04
41712,2014-05-07
41712,2014-05-17
41712,2014-05-31
41712,2014-09-26
41712,2014-10-18
41712,2015-09-09
41712,2016-02-29
41712,2016-04-15
41712,2016-05-20
41712,2016-06-08
41712,2016-06-22
41712,2016-09-14
41712,2016-10-02
41712,2016-11-17
41712,2016-12-06
41712,2016-12-08
41712,2017-02-26
41712,2017-04-30
41712,2017-05-14
41712,2017-05-28
41712,2017-06-30
41712,2017-10-15
41712,2017-10-22
41712,2017-11-12
41712,2018-04-22
41712,2018-05-11
41712,2018-05-20
41712,2018-07-15
41712,2018-09-28
41712,2018-10-02
41712,2018-10-14
41712,2018-10-18
41712,2018-11-04
41712,2019-03-21
41712,2019-04-04
41712,2019-05-19
41712,2019-07-07
41712,2019-07-11
41712,2019-09-13
41712,2019-10-20
41712,2019-10-31
41712,2019-12-17
41712,2021-10-09
41712,2021-10-23
41712,2021-11-12
41712,2021-11-21
41712,2022-03-08
41712,2022-03-12
41712,2022-03-21
41712,2022-03-28
41712,2022-04-06
41712,2022-04-10
41712,2022-04-28
41712,2022-05-01
41712,2022-05-19
41712,2022-05-24
41712,2022-06-04
41712,2022-06-13
41712,2022-06-18
41712,2022-07-08
41712,2022-07-11
41712,2022-07-17
41712,2022-07-24
41712,2022-08-01
41712,2022-10-27
41712,2022-11-10
41712,2022-11-20
41712,2022-12-04
41712,2023-04-08
41712,2023-06-15
41712,2023-06-25
41712,2023-06-29
41712,2023-07-02
41712,2023-07-06
41712,2023-08-19
41712,2023-09-15
41712,2023-09-20
41712,2023-10-03
41712,2023-10-05
41712,2023-10-09
41712,2023-10-13
41712,2023-12-03
41712,2023-12-10
41712,2024-04-21
41712,2024-05-12
41712,2024-06-07
41712,2024-07-15
41712,2024-09-25
41712,2024-10-05
41712,2024-10-14
41712,2025-04-27
41712,2025-05-21
41712,2025-06-10
41712,2025-06-15
41712,2025-06-27
41712,2025-06-29
41870,2011-06-26
41870,2011-07-02
42010,2010-09-22
42010,2010-09-27
42010,2010-10-11
42010,2010-10-17
42010,2010-10-19
42010,2010-10-24
42010,2010-11-01
42010,2010-11-06
42010,2010-11-16
42010,2010-11-17
42010,2010-11-21
42010,2010-11-25
42010,2010-11-27
42010,2010-12-17
42010,2010-12-28
42010,2011-01-15
42010,2011-01-17
42010,2011-01-20
42010,2011-01-25
42010,2011-03-02
42010,2011-03-11
42010,2011-03-15
42010,2011-03-27
42010,2011-03-28
42010,2011-04-04
42010,2011-04-11
42010,2011-04-15
42010,2011-04-19
42010,2011-04-22
42010,2011-04-26
42010,2011-04-27
42010,2011-05-02
42010,2011-05-05
42010,2011-05-07
42010,2011-05-15
42010,2011-05-17
42010,2011-05-22
42010,2011-05-26
42010,2011-05-31
42010,2011-06-02
42010,2011-06-03
42010,2011-06-05
42010,2011-06-06
42010,2011-06-10
42010,2011-06-17
42010,2011-06-21
42010,2011-06-23
42010,2011-06-26
42010,2011-06-28
42010,2011-07-04
42010,2011-07-10
69198,2021-09-30
69198,2022-05-24
72913,2011-03-16
72913,2011-04-01
72913,2011-04-15
72913,2011-05-01
72913,2011-06-16
72913,2011-06-23
72913,2011-06-27
72913,2011-07-02
72913,2011-07-06
72913,2011-07-17
72913,2011-07-19
72913,2011-07-27
72913,2011-08-13
72913,2011-08-17
72913,2011-08-20
72913,2011-09-12
72913,2011-09-17
72913,2011-09-22
72913,2011-10-17
72913,2011-11-14
72913,2011-11-28
72913,2012-01-01
72913,2012-02-19
72913,2012-02-22
72913,2012-03-05
72913,2012-03-11
72913,2012-04-04
72913,2012-04-09
72913,2012-05-06
72913,2012-05-11
72913,2012-06-03
72913,2012-06-09
72913,2012-06-14
72913,2012-06-20
72913,2012-06-27
72913,2012-07-12
72913,2012-07-22
72913,2012-08-01
72913,2012-08-07
72913,2012-08-14
72913,2012-09-26
72913,2012-10-07
72913,2012-10-21
72913,2012-11-01
72913,2012-11-11
72913,2013-03-09
72913,2013-03-21
72913,2013-03-28
72913,2013-04-03
72913,2013-04-17
72913,2013-05-08
72913,2013-05-20
72913,2013-05-24
72913,2013-05-29
72913,2013-06-07
72913,2013-06-12
72913,2013-06-25
72913,2013-07-04
72913,2013-07-13
72913,2013-07-25
72913,2013-09-11
72913,2013-11-10
72913,2013-12-15
72913,2013-12-21
72913,2014-03-15
72913,2014-03-31
72913,2014-04-18
72913,2014-05-04
72913,2014-05-06
72913,2014-05-11
72913,2014-05-17
72913,2014-05-22
72913,2014-06-04
72913,2014-06-09
72913,2014-06-15
72913,2014-06-23
72913,2014-06-27
72913,2014-06-30
72913,2014-07-13
72913,2014-07-31
72913,2014-08-12
72913,2014-08-17
72913,2015-03-14
72913,2015-05-05
72913,2015-05-11
72913,2015-05-18
72913,2015-06-01
72913,2015-06-19
72913,2015-06-29
72913,2015-07-02
72913,2015-07-09
72913,2015-07-17
72913,2015-10-19
72913,2015-10-21
72913,2015-11-16
72913,2016-02-16
72913,2016-03-08
72913,2016-03-15
72913,2016-03-22
72913,2016-04-01
72913,2016-04-14
72913,2016-04-30
72913,2016-05-08
72913,2016-05-18
72913,2016-05-30
72913,2016-06-11
72913,2016-06-30
72913,2016-07-03
72913,2016-09-08
72913,2016-09-12
72913,2016-09-24
72913,2016-11-26
72913,2017-03-01
72913,2017-03-26
72913,2017-04-06
72913,2017-05-04
72913,2017-05-27
72913,2017-06-02
72913,2017-06-24
72913,2017-06-29
72913,2017-07-04
72913,2017-07-09
72913,2017-08-03
72913,2018-01-08
72913,2018-02-12
72913,2018-02-18
72913,2018-03-01
72913,2018-03-10
72913,2018-03-25
72913,2018-04-02
72913,2018-04-06
72913,2018-04-14
72913,2018-04-18
72913,2018-06-22
72913,2018-06-27
72913,2018-07-02
72913,2018-07-06
72913,2018-07-09
72913,2019-01-19
72913,2019-02-04
72913,2019-02-22
72913,2019-03-01
72913,2019-03-12
72913,2019-03-28
72913,2019-04-05
72913,2019-04-08
72913,2019-04-13
72913,2019-04-17
72913,2019-04-28
72913,2019-05-03
72913,2019-07-06
72913,2019-07-22
72913,2019-07-26
72913,2019-08-24
72913,2019-09-27
72913,2020-02-09
72913,2020-03-03
73431,2013-11-07
73431,2013-11-11
73431,2013-12-07
73431,2013-12-10
73431,2013-12-17
73431,2013-12-23
73431,2014-01-02
73431,2014-01-21
73431,2014-01-26
73431,2014-02-05
73431,2014-02-10
73431,2014-02-18
73431,2014-02-22
73431,2014-02-28
73431,2014-12-23
73431,2014-12-27
73431,2015-01-10
73431,2015-01-27
73431,2015-02-10
73431,2015-02-19
73431,2015-04-07
73431,2015-04-12
73431,2015-04-21
73431,2015-05-17
73431,2015-05-23
73431,2015-05-31
73431,2015-06-06
73431,2015-06-17
73431,2015-06-20
73431,2015-06-23
73431,2015-06-30
73431,2015-07-05
73431,2015-07-21
73431,2015-08-26
73431,2016-01-26
73431,2016-12-29
73431,2017-01-08
73431,2017-03-02
73431,2017-03-08
73431,2017-03-27
73431,2017-04-10
73431,2017-04-24
73431,2017-06-05
73431,2017-07-03
73431,2018-01-02
73431,2018-07-01
73431,2018-07-07
73431,2018-07-21
73431,2019-08-10
73431,2019-08-15
73431,2019-08-18
73431,2019-08-23
73431,2019-08-25
73431,2019-11-17
73431,2019-12-27
73431,2020-01-26
73431,2020-02-19
73431,2020-02-29
73431,2020-08-24
73431,2021-07-12
73431,2021-07-25
73431,2021-07-30
73431,2021-11-14
73431,2022-05-31
73431,2022-06-06
73431,2022-06-18
73431,2022-08-05
73431,2022-08-09
73431,2022-08-14
73431,2022-08-30
73431,2022-09-05
73431,2022-09-11
73431,2022-11-14
73431,2023-01-02
73431,2023-01-09
73431,2023-03-05
73431,2023-03-12
73431,2023-03-19
73431,2023-04-10
73431,2023-05-29
73431,2023-06-27
73431,2023-07-31
73431,2023-08-03
73431,2023-08-06
73431,2023-10-22
73431,2023-10-28
73431,2023-11-12
73431,2023-12-30
73431,2024-01-05
73431,2024-03-24
73431,2024-03-30
73431,2024-04-07
73431,2024-04-11
73431,2024-04-16
73431,2024-04-21
73431,2024-04-25
73431,2024-05-03
73431,2024-05-06
73431,2024-05-12
73431,2024-05-31
73431,2024-06-03
73431,2024-06-08
73431,2024-06-23
73431,2024-07-10
73431,2024-07-20
73431,2025-01-03
73431,2025-04-20
73431,2025-08-01
73431,2025-08-14
73431,2025-08-25
78606,2019-09-18
78606,2019-09-26
78892,2015-03-20
78892,2015-03-27
78892,2015-04-16
78892,2015-04-27
78892,2015-05-04
78892,2015-05-15
78892,2015-08-05
78892,2015-08-20
78892,2016-08-07
78892,2016-08-10
78892,2016-09-05
78892,2016-09-18
78892,2016-09-21
78892,2016-09-30
78892,2016-10-07
78892,2016-10-13
78892,2016-10-23
78892,2016-11-01
78892,2016-11-10
78892,2016-11-18
78892,2016-11-25
78892,2016-12-01
78892,2016-12-17
78892,2017-01-27
78892,2017-02-04
78892,2017-02-07
78892,2017-03-10
78892,2017-04-10
78892,2017-05-21
78892,2017-05-31
78892,2017-06-04
78892,2017-07-26
78892,2017-08-24
78892,2017-09-09
78892,2017-09-30
78892,2017-10-20
78892,2017-11-07
78892,2017-12-13
78892,2018-02-07
78892,2018-02-16
78892,2018-04-28
78892,2018-05-28
78892,2018-06-12
78892,2018-06-25
78892,2018-06-30
78892,2018-08-16
78892,2018-10-05
78892,2018-11-04
78892,2018-12-13
78892,2019-02-08
78892,2019-03-15
78892,2019-03-21
78892,2019-05-31
78892,2019-10-30
78892,2019-11-24
78892,2021-12-08
78892,2022-05-15
78892,2023-04-02
78892,2023-06-04
79129,2012-10-06
79129,2013-06-09
79129,2013-06-27
79129,2013-06-28
79129,2013-07-08
79129,2013-09-25
79129,2013-10-13
79129,2013-12-01
79129,2013-12-16
79129,2014-01-02
79129,2014-03-15
79129,2014-04-05
79129,2014-04-06
79129,2014-04-13
79129,2014-05-19
79129,2014-06-03
79129,2014-06-10
79129,2014-06-24
79129,2014-06-26
79129,2014-06-28
79129,2014-06-30
79129,2014-07-19
79129,2014-08-02
79129,2014-08-25
79129,2014-09-08
79129,2014-09-21
79129,2014-10-05
79129,2014-10-31
79129,2015-01-04
79129,2015-02-03
79129,2015-02-05
79129,2015-02-23
79129,2015-03-01
79129,2015-03-15
79129,2015-04-30
79129,2015-05-08
79129,2015-05-10
79129,2015-05-12
79129,2015-06-01
79129,2015-06-07
79129,2015-06-14
79129,2015-06-24
79129,2015-06-26
79129,2015-07-02
79129,2015-07-04
79129,2015-07-05
79129,2015-07-09
79129,2015-07-12
79129,2015-07-24
79129,2015-08-14
79129,2015-08-29
79129,2015-09-04
79129,2015-09-16
79129,2015-10-03
79129,2015-11-08
79129,2015-12-14
79129,2016-01-02
79129,2016-05-04
79129,2016-05-22
79129,2016-06-07
79129,2016-06-12
79129,2016-07-12
79129,2016-08-13
79129,2016-09-17
79129,2016-10-07
79129,2016-10-28
79129,2016-11-15
79129,2016-12-18
79129,2017-01-02
79129,2017-01-13
79129,2017-05-12
79129,2017-05-23
79129,2017-05-26
79129,2017-06-29
79129,2017-07-05
79129,2017-07-09
79129,2017-07-13
79129,2017-07-14
79129,2017-07-17
79129,2017-07-23
42010,2011-07-21
42010,2011-07-24
42010,2011-07-26
42010,2011-07-28
42010,2011-08-03
42010,2011-08-10
42010,2011-08-14
42010,2011-08-15
42010,2011-08-18
42010,2011-08-19
42010,2011-08-26
42010,2011-09-11
42010,2011-09-13
42010,2011-09-26
42010,2011-09-29
42010,2011-10-04
42010,2011-10-06
42010,2011-10-11
42010,2011-10-24
42010,2011-11-01
42010,2011-11-06
42010,2011-11-15
42010,2011-11-27
42010,2011-11-28
42010,2011-12-04
42010,2011-12-12
42010,2011-12-13
42010,2011-12-16
42010,2011-12-19
42010,2011-12-21
42010,2011-12-23
42010,2012-01-06
42010,2012-01-13
42010,2012-01-16
42010,2012-01-19
42010,2012-01-28
42010,2012-02-03
42010,2012-02-06
42010,2012-02-09
42010,2012-02-12
42010,2012-02-16
42010,2012-02-21
42010,2012-02-28
42010,2012-03-04
42010,2012-03-09
42010,2012-03-12
42010,2012-03-18
42010,2012-03-20
42010,2012-03-22
42010,2012-03-24
42010,2012-03-27
42010,2012-03-28
42010,2012-03-29
42010,2012-03-31
42010,2012-04-01
42010,2012-04-08
42010,2012-04-16
42010,2012-04-24
232240,2024-10-16
232240,2024-11-03
232240,2024-11-30
232240,2024-12-24
232240,2025-03-27
232240,2025-06-10
232240,2025-06-25
232240,2025-07-02
232240,2025-08-15
232240,2025-08-30
232983,2011-11-02
232983,2011-11-14
232983,2011-12-06
232983,2012-04-19
232983,2012-05-23
232983,2012-07-04
232983,2012-11-04
232983,2012-11-12
232983,2013-05-14
232983,2013-07-03
232983,2013-07-15
232983,2013-07-24
232983,2013-08-24
232983,2013-08-30
232983,2013-09-16
232983,2013-09-20
232983,2013-10-24
232983,2013-10-28
232983,2013-11-15
232983,2014-01-02
232983,2014-01-23
232983,2014-01-28
232983,2014-02-18
232983,2014-03-22
232983,2014-04-07
232983,2014-04-23
232983,2014-05-03
232983,2014-05-13
232983,2014-05-24
232983,2014-05-27
232983,2014-05-29
232983,2014-06-07
232983,2014-06-23
232983,2014-06-27
232983,2014-07-05
232983,2014-07-08
232983,2014-07-13
232983,2014-07-18
232983,2014-07-22
232983,2014-07-26
232983,2014-09-02
232983,2014-09-16
232983,2014-09-23
232983,2014-10-04
232983,2014-10-05
232983,2014-10-16
232983,2014-10-23
232983,2014-11-05
232983,2014-11-10
232983,2014-11-15
232983,2014-11-17
232983,2014-11-21
232983,2014-11-30
232983,2014-12-07
232983,2014-12-16
232983,2014-12-23
232983,2015-01-14
232983,2015-02-20
232983,2015-02-22
232983,2015-03-02
232983,2015-03-06
232983,2015-03-08
232983,2015-03-30
232983,2015-04-11
232983,2015-04-26
232983,2015-05-01
232983,2015-05-17
232983,2015-05-26
232983,2015-06-18
232983,2015-06-21
232983,2015-06-24
232983,2015-07-01
232983,2015-07-28
232983,2015-08-04
232983,2015-08-07
232983,2015-08-16
232983,2015-09-09
232983,2015-09-13
232983,2015-09-23
232983,2015-09-28
232983,2015-10-03
232983,2015-10-11
232983,2015-10-15
232983,2015-10-18
232983,2015-10-20
232983,2015-10-24
232983,2015-10-25
232983,2015-10-27
232983,2015-10-30
232983,2015-12-04
232983,2015-12-09
232983,2015-12-13
232983,2015-12-17
232983,2015-12-21
232983,2015-12-31
232983,2016-01-12
232983,2016-01-23
232983,2016-02-03
232983,2016-02-11
232983,2016-02-14
232983,2016-02-29
232983,2016-03-17
232983,2016-03-23
232983,2016-03-25
232983,2016-04-01
232983,2016-04-05
232983,2016-04-14
232983,2016-04-17
232983,2016-04-21
232983,2016-04-23
232983,2016-04-29
232983,2016-05-03
232983,2016-05-06
232983,2016-05-11
232983,2016-05-16
232983,2016-05-20
232983,2016-05-29
232983,2016-06-05
232983,2016-06-10
232983,2016-06-13
232983,2016-06-16
232983,2016-06-23
232983,2016-07-02
232983,2016-07-09
232983,2016-07-13
232983,2016-07-31
232983,2016-08-05
232983,2016-08-14
232983,2016-08-21
232983,2016-08-23
232983,2016-08-26
232983,2016-09-04
232983,2016-09-17
232983,2016-09-22
232983,2016-09-24
232983,2016-09-27
232983,2016-10-06
232983,2016-10-11
232983,2016-10-14
232983,2016-10-18
232983,2016-10-28
232983,2016-11-04
232983,2016-11-07
232983,2016-11-13
232983,2016-11-22
232983,2016-11-30
232983,2016-12-13
232983,2016-12-16
232983,2016-12-27
232983,2017-01-14
232983,2017-01-31
232983,2017-02-10
232983,2017-02-14
232983,2017-02-20
232983,2017-03-12
232983,2017-03-17
232983,2017-03-23
232983,2017-03-30
232983,2017-04-03
232983,2017-04-14
232983,2017-04-22
232983,2017-04-30
232983,2017-05-14
232983,2017-05-17
232983,2017-05-22
232983,2017-06-18
232983,2017-07-02
232983,2017-07-05
232983,2017-07-08
232983,2017-07-11
232983,2017-07-15
232983,2017-07-18
232983,2017-07-31
232983,2017-08-16
232983,2017-08-24
232983,2017-09-06
232983,2017-09-17
232983,2017-09-24
232983,2017-09-29
232983,2017-10-11
232983,2017-10-14
232983,2017-10-22
232983,2017-11-04
232983,2017-11-12
232983,2017-11-17
232983,2017-11-22
232983,2017-12-07
232983,2017-12-13
232983,2018-02-26
232983,2018-03-11
232983,2018-03-26
232983,2018-04-04
232983,2018-04-10
232983,2018-04-16
232983,2018-04-20
232983,2018-04-24
232983,2018-05-01
232983,2018-05-06
232983,2018-05-16
232983,2018-05-26
232983,2018-05-30
232983,2018-06-04
232983,2018-06-07
232983,2018-06-14
232983,2018-06-18
232983,2018-06-22
232983,2018-06-30
232983,2018-07-13
232983,2018-07-25
232983,2018-08-22
232983,2018-09-02
232983,2018-09-11
232983,2018-10-01
232983,2018-10-07
232983,2018-10-15
232983,2018-10-25
232983,2018-10-28
232983,2018-11-16
232983,2018-11-28
232983,2018-12-02
232983,2018-12-16
232983,2019-01-28
232983,2019-02-11
232983,2019-02-18
232983,2019-02-25
232983,2019-03-04
232983,2019-03-11
232983,2019-03-23
232983,2019-03-27
232983,2019-04-23
232983,2019-05-18
232983,2019-05-27
232983,2019-06-02
232983,2019-06-21
232983,2019-07-16
232983,2019-07-28
232983,2019-08-22
232983,2019-09-21
232983,2019-11-26
232983,2019-12-03
232983,2019-12-15
232983,2020-01-16
232983,2020-03-15
232983,2022-09-24
232983,2022-10-11
232983,2022-10-16
232983,2022-10-26
232983,2022-11-01
232983,2022-11-06
232983,2022-11-10
232983,2022-11-13
232983,2022-11-16
232983,2022-11-20
232983,2022-11-27
232983,2022-12-09
232983,2022-12-18
232983,2023-02-20
232983,2023-02-26
232983,2023-03-13
232983,2023-03-27
232983,2023-04-02
232983,2023-04-09
232983,2023-04-13
232983,2023-04-21
232983,2023-05-01
232983,2023-05-07
232983,2023-05-15
232983,2023-06-08
232983,2023-06-11
232983,2023-06-26
232983,2023-08-13
232983,2023-09-16
232983,2023-09-19
232983,2023-09-29
232983,2023-10-02
232983,2023-10-09
232983,2023-10-13
232983,2023-10-18
232983,2023-10-23
232983,2023-10-27
232983,2023-11-03
232983,2023-11-07
232983,2023-11-10
232983,2023-12-03
232983,2023-12-11
232983,2023-12-15
232983,2024-02-07
232983,2024-02-15
232983,2024-02-18
232983,2024-03-13
232983,2024-03-18
232983,2024-03-27
232983,2024-04-15
232983,2024-04-29
232983,2024-05-05
232983,2024-05-12
232983,2024-05-20
232983,2024-06-08
232983,2024-06-14
232983,2024-07-06
232983,2024-07-10
232983,2024-07-14
232983,2024-07-19
232983,2024-07-28
232983,2024-09-22
232983,2024-10-01
232983,2024-10-04
232983,2024-10-07
232983,2024-10-18
232983,2024-10-22
232983,2024-11-01
232983,2024-11-10
232983,2024-11-18
232983,2024-11-25
232983,2024-12-01
232983,2024-12-16
232983,2025-03-04
232983,2025-03-11
232983,2025-03-18
232983,2025-04-12
232983,2025-04-17
232983,2025-04-25
232983,2025-04-28
232983,2025-05-10
232983,2025-05-20
232983,2025-05-27
232983,2025-06-01
232983,2025-06-07
232983,2025-06-13
232983,2025-06-21
232983,2025-06-27
232983,2025-07-13
232983,2025-07-14
232983,2025-07-20
232983,2025-07-25
232983,2025-08-04
232983,2025-08-27
236956,2011-11-08
236956,2011-11-13
236956,2011-11-20
236956,2011-11-22
236956,2011-11-28
236956,2011-12-04
236956,2011-12-12
236956,2011-12-28
236956,2012-01-02
236956,2012-01-23
236956,2012-02-01
236956,2012-02-08
236956,2012-02-17
236956,2012-02-22
236956,2012-03-06
236956,2012-03-13
236956,2012-03-18
236956,2012-03-22
236956,2012-03-26
236956,2012-04-02
236956,2012-04-06
236956,2012-04-09
236956,2012-04-13
236956,2012-04-20
236956,2012-04-25
236956,2012-04-26
236956,2012-04-30
236956,2012-05-21
236956,2012-05-25
236956,2012-06-02
236956,2012-06-19
236956,2012-06-25
236956,2012-06-28
236956,2012-07-05
236956,2012-07-11
236956,2012-07-14
236956,2012-07-16
236956,2012-07-29
236956,2012-08-04
236956,2012-08-06
236956,2012-08-16
236956,2012-08-27
236956,2012-09-11
236956,2012-09-14
236956,2012-09-17
236956,2012-09-23
236956,2012-09-26
236956,2012-09-30
236956,2012-10-06
236956,2012-10-08
236956,2012-10-15
236956,2012-10-20
236956,2012-10-29
236956,2012-11-02
236956,2012-11-09
236956,2012-11-13
236956,2012-11-16
236956,2012-11-22
236956,2012-11-24
236956,2012-11-29
236956,2012-12-04
236956,2012-12-29
236956,2013-01-02
42010,2012-04-27
42010,2012-05-09
42010,2012-05-20
42010,2012-05-29
42010,2012-06-01
42010,2012-06-06
42010,2012-06-10
42010,2012-06-16
42010,2012-06-19
42010,2012-06-22
42010,2012-06-29
42010,2012-06-30
42010,2012-07-08
42010,2012-07-10
42010,2012-07-19
42010,2012-07-24
42010,2012-07-31
42010,2012-08-04
42010,2012-08-15
42010,2012-08-19
42010,2012-08-25
42010,2012-09-01
42010,2012-09-07
42010,2012-09-08
42010,2012-09-12
42010,2012-09-14
42010,2012-09-16
42010,2012-09-27
42010,2012-10-05
42010,2012-10-16
42010,2012-10-19
42010,2012-10-20
42010,2012-10-22
42010,2012-10-25
42010,2012-11-08
42010,2012-11-11
42010,2012-11-12
42010,2012-11-24
42010,2012-12-08
42010,2012-12-13
42010,2012-12-22
42010,2012-12-30
42010,2013-01-01
42010,2013-01-03
42010,2013-01-22
42010,2013-01-28
42010,2013-02-03
42010,2013-02-08
42010,2013-02-11
42010,2013-02-16
42010,2013-02-26
42010,2013-03-03
42010,2013-03-06
42010,2013-03-09
42010,2013-03-13
42010,2013-03-18
42010,2013-03-26
42010,2013-04-07
42010,2013-04-15
42010,2013-04-19
42010,2013-04-23
42010,2013-04-26
42010,2013-04-27
42010,2013-05-04
42010,2013-05-07
42010,2013-05-11
42010,2013-05-12
42010,2013-05-16
42010,2013-05-20
42010,2013-05-24
42010,2013-05-26
42010,2013-05-30
42010,2013-06-01
42010,2013-06-05
42010,2013-06-15
42010,2013-06-18
42010,2013-06-22
42010,2013-06-27
42010,2013-07-04
42010,2013-07-07
42010,2013-07-10
42010,2013-07-12
42010,2013-07-21
42010,2013-07-26
42010,2013-08-01
42010,2013-08-08
42010,2013-08-17
42010,2013-08-20
42010,2013-08-28
42010,2013-09-05
42010,2013-09-08
42010,2013-09-09
42010,2013-09-13
42010,2013-09-18
42010,2013-09-23
42010,2013-10-04
42010,2013-10-08
42010,2013-10-11
42010,2013-10-19
42010,2013-10-21
42010,2013-10-28
42010,2013-10-30
42010,2013-11-02
42010,2013-11-08
42010,2013-11-11
42010,2013-11-13
42010,2013-11-15
42010,2013-11-18
42010,2013-11-22
42010,2013-11-24
42010,2013-12-02
